image_name,mean_r,mean_g,mean_b,std_r,std_g,std_b,mean_h,mean_s,mean_v,std_h,std_s,std_v,mean_luminance,mean_saturation
1,148.94816053511707,142.80008704815137,169.9570027947038,75.60114206616036,78.32069852513926,66.90293190496907,93.91391395977459,49.82143675264581,170.23544234205343,53.593802386142855,41.117706165165735,66.99056936895457,146.06789678838135,49.82143675264581
2,145.3522297808012,129.3167044595616,135.41732804232805,55.15740110941164,49.500891757937865,25.341361178126277,99.50907029478458,93.51039304610732,168.96362433862433,48.54415582870948,34.153920050213436,41.7913700728202,133.16632216553288,93.51039304610732
3,147.21173747276688,141.02219498910677,166.03540305010893,68.14873014998344,70.58917105734511,57.624317153888676,113.32693355119825,52.279411764705884,167.9873366013072,36.601684159317486,40.93653865484477,57.492932953871176,144.14404534313724,52.279411764705884
4,45.37655300026434,35.86968014803066,39.970896114195085,82.33126658269363,73.71289897725812,75.08745011029448,70.05189003436426,75.40219402590536,46.348215701823946,70.201989668523,91.21113588240178,82.13990276077966,38.186949109172616,75.40219402590536
5,115.14276220855169,125.25671375408217,119.30536948431686,69.44702638077375,55.49216931326934,50.73713776123451,86.36986405407458,124.67655122655123,155.27259436469961,38.11634093595036,48.176724327529435,60.64344160748593,122.67680059922536,124.67655122655123
6,81.88064652171585,33.01961053392599,28.37918384833717,71.21770363491542,42.696189231134404,42.15650418386352,24.59508046377122,134.26923231403632,81.96132785304985,49.500140071662656,89.19279174426102,71.15841975683942,43.0724279782306,134.26923231403632
7,92.73378090366582,74.85471014492754,87.80887148337595,71.67116993384606,67.27888827662083,70.27211605848824,94.8177642796249,116.37614556692242,106.67852195225916,59.116890579403865,79.59965688487253,69.66299947959061,79.59109103687128,116.37614556692242
8,142.476817482611,139.75535881487426,148.6287787586945,95.3781037530152,95.91735058164367,88.64853921893052,92.77920177902622,50.7639028223649,151.61453317281968,52.206456250034456,53.883948573651914,87.66840044046829,140.97460184757887,50.7639028223649
9,237.92507412172745,176.89455834638622,143.1026585925263,14.178822940552282,65.0930983716239,90.65206192995642,26.48088918102484,107.01611797941374,238.1865629894831,36.101139922707205,86.6519867422957,14.454653230852957,187.42987083799508,107.01611797941374
10,206.46248715313465,190.33410576121312,174.67604083848823,63.22916897273287,65.00263674601852,75.824127563998,45.36735247920262,76.65651845100739,219.23432197638115,44.22966138509219,69.16384773151859,44.895161814377055,192.63248735771492,76.65651845100739
11,183.05449623352166,45.30456685499058,39.087900188323914,49.77606842436905,15.178471777789609,13.431564158410124,3.500376647834275,203.6733757062147,183.05449623352166,20.18237003232354,17.408701235807197,49.77606842436905,74.14135850753296,203.6733757062147
12,90.46466753182548,98.70412340872575,103.93516716104314,100.84323213825546,97.70807668239557,95.37468624002973,68.15037541713015,92.7396026449141,106.76032783339512,46.182223154167026,86.98145197996827,94.07808343473471,97.33009644821405,92.7396026449141
13,84.63790057610946,83.68176703573678,83.34967706364209,102.92068000969192,101.9652753824943,102.13222420292983,39.1698060131425,31.633754163291027,85.66433747412009,47.95198555377066,46.511224414953986,102.40873982025474,83.8610641304348,31.633754163291027
14,117.03900783881835,126.47405011013215,130.57234711065044,81.59946171356295,89.7758673072611,93.3824074641379,78.73041105208603,24.21604528375227,130.87449792692408,42.01918796892516,26.230497068922777,93.07835408635167,124.76405716668825,24.21604528375227
15,51.2896135770235,41.29590078328982,44.034762402088774,53.983617606909036,51.78465440922228,53.97815734560428,51.44567101827676,117.45426631853786,60.52327937336815,62.87303447028794,74.86095338594616,57.79137066505966,43.61830993211489,117.45426631853786
16,152.08567270520544,97.65281960801941,93.76715476939674,76.09770812247676,107.57772791526737,109.96481931019697,24.326890227456623,146.25549536995416,152.21333610536726,50.20246334597331,105.70017490358434,76.2672908985001,108.94469917513261,146.25549536995416
17,94.7997997997998,100.04911362975879,102.98642190577675,110.16829096821793,107.47434158222336,105.75609617120122,80.08342213180923,80.22186702831864,103.07912751461139,40.152613775498345,77.35848243219694,105.88352319855946,99.14518316703801,80.22186702831864
18,50.422012373819605,65.67358962878541,75.67826033865191,68.23573551009194,69.10370755892559,69.31687426943473,101.71361120156301,121.61569928362097,76.4584825789645,16.201347361182695,56.9558228209098,69.3897118671224,63.15344152963204,121.61569928362097
19,144.8895136913229,145.31756015884307,137.15978396159318,79.90151351472454,78.193950816214,79.98287007193568,50.21624585111427,26.308751185395923,147.18369932432432,36.731613721683956,27.84313105821282,78.71324679236456,144.63756603840685,26.308751185395923
20,79.1404989317582,78.55423526454695,77.57154078170164,91.06138909570416,90.86295659583794,90.45395583167773,26.175348749528716,31.760449918310922,79.31181978132462,44.95362277848629,54.21151294166281,90.99171752325071,78.6079243785346,31.760449918310922
21,114.78221726980084,116.61933566804628,120.16080335349676,110.63771698203749,109.26377287913438,106.51336248331269,80.18718384095652,49.7039247939439,120.97378754112279,45.40250048189,60.49651798053744,106.52253367880054,116.4844582634688,49.7039247939439
22,112.08300962223807,124.91202779757663,136.2646560940841,93.22998102581828,89.18487366524127,83.99840653455811,99.34828937990021,89.68035459729151,136.5971756949394,30.195606756987555,89.74171782626176,84.09209560136398,123.00423829650747,89.68035459729151
23,120.288640625,32.761796875,64.2000625,89.8129503243513,29.35670988923996,62.596471595811714,122.686015625,194.0986328125,120.423921875,73.72888039589986,37.991618294444876,89.70850708471194,53.639846634375004,194.0986328125
24,78.74517355134824,76.32805507745267,59.14524526678141,65.54593794984955,70.10638284581387,67.59321973743181,28.22906626506024,131.44244836488812,83.82809093516924,21.50551244133952,81.76865884690461,67.58015226787468,75.60133559667239,131.44244836488812
25,43.066990863542586,80.94081196581196,87.64437076333628,30.98289780942495,54.88798278188325,39.116158075272274,97.70562923666373,147.53488800471558,95.71690981432361,13.777099945220652,32.55119421250612,49.163774615000584,73.37283454465073,147.53488800471558
26,96.91030196629214,96.63779494382023,90.2740308988764,89.50367763169353,85.55410027784298,78.17367651070552,66.8783356741573,88.0970786516854,105.11297050561798,45.65409278433698,64.50535471113484,86.32043125140575,96.2362661727528,88.0970786516854
27,129.0708182814466,118.78881864675083,108.65076409465438,93.8816802488228,98.74774938438888,103.41888636691942,22.529914356455738,78.64619271826928,129.15480780939237,32.7645475211081,72.5336378207673,93.99334641601176,120.24280423042578,78.64619271826928
28,100.89175675675676,100.08038288288289,97.4091554054054,98.30946287416349,95.5662328828519,94.3166344583436,58.367353603603604,55.99796171171171,103.69917792792793,46.82127119658903,58.7069526622833,96.21104635521387,100.06001834459458,55.99796171171171
29,54.68179199078075,57.70015845577643,55.63426180561012,73.69616382683024,73.34260620573748,73.57526314643555,58.674596003247686,31.17030722086902,57.925146015033654,31.923145809915592,27.69692856999958,73.35668828166826,56.909296007176344,31.17030722086902
30,180.0280686638388,189.01413374867445,198.11333510074232,89.28067175606773,78.51204654409939,70.44947028191794,109.09681534994698,42.314571182396605,198.19217258748674,23.759026479948492,56.255693547441915,70.50830576681498,187.76065864925766,42.314571182396605
31,137.0418115942029,112.05722463768116,62.77878260869565,83.438612892094,80.06423033393992,78.56380996858378,21.944333333333333,166.65164492753624,137.11914492753624,16.91213790356098,74.11021348604189,83.52814838486228,113.81104431014492,166.65164492753624
32,46.83652314584371,47.04031856645097,47.196407831425255,93.10485484794111,93.09147204423286,93.07510156667406,7.4220258835241415,5.34362037497926,47.19925335988054,27.10311032020087,25.51314971527498,93.07660866129564,47.00826130496101,5.34362037497926
33,101.0533896933905,94.65512094490737,37.95861176280236,108.64396102596413,101.79371442068182,34.27354179954511,40.76094167138581,113.67330717579483,101.7532319391635,40.90025819809407,77.98484358539245,108.08544250688654,91.92190491788688,113.67330717579483
34,107.01358035404374,109.69048832870531,114.80843782540785,89.57518205245083,89.29159928814767,88.95496742122091,106.30109445505033,49.86205961471711,114.80908321763276,21.491008682685855,53.30799528894486,88.95459705164484,109.49089364695418,49.86205961471711
35,63.90710480483557,33.25202976129495,38.59666017826042,54.17782393772042,46.00753845587277,50.11400618114171,79.58382850117816,169.6627202643172,68.16027430591127,78.24428802133308,66.81249406907251,53.77573546935977,40.15518103165659,169.6627202643172
36,159.2879478495582,128.1823546637468,107.03335158259276,89.44961033863677,74.0308367497243,59.328120790413614,51.65302004023325,174.55992335311043,204.26947365740622,47.50556530878416,43.1395138197373,44.203453461598215,133.26844575259096,174.55992335311043
37,204.6541274087086,183.08452437985733,161.95104399552858,33.83664879534001,40.99571055457213,41.88719435463416,37.92787181944001,69.19509874374535,209.7232879537954,44.036811026021105,36.93656240391532,25.63418835202566,186.14438470004256,69.19509874374535
38,94.8904014869066,79.99823540475057,62.593501421633164,107.12383798299328,86.58629556296957,61.92605761709798,94.29670092599763,160.30001438228103,102.55121751540564,50.49517454987721,62.59989697254828,101.00545567936028,81.90768812023585,160.30001438228103
39,97.89431651038794,76.03970169148741,69.89158163265306,88.9104106469188,81.68780985548922,76.11217346119643,91.99169194704909,109.23706104063247,99.33617163081449,73.02650314902384,66.94814807101129,89.99267977387714,80.24209853373782,109.23706104063247
40,99.45925569989396,106.66887592788972,110.67787314422057,84.25134362096195,79.13371341363363,83.80620043116865,68.71628115058324,135.5153764581124,129.91531349416755,45.15600625187156,83.03297323513026,68.12889765369039,105.42556026643689,135.5153764581124
41,141.58300383651738,154.32280574694644,159.69894593642343,37.63746129123541,36.1421516709857,35.054250259110596,98.65266305198872,31.895068313498278,159.69916125117444,5.474322664397358,17.233134361790583,35.05387616715208,152.00248118246944,31.895068313498278
42,150.14710689045936,105.06659305064782,120.85505005889281,68.53756188619236,85.84278992354088,78.76632236549072,106.37402826855124,112.7964222614841,153.91326560659598,73.6417378487784,83.35414976730871,65.68829146033492,115.79063688898702,112.7964222614841
43,184.10951122571086,122.9540037893897,123.12416305772409,55.96669199106975,98.16238440983858,98.06605889485027,53.22516952532908,109.54086415180352,184.29589292837198,74.17057639435839,85.2224832372148,56.189588989097956,135.9679501695253,109.54086415180352
44,38.909225543478264,28.26789741847826,25.30060122282609,57.64859674797289,40.01915905795719,36.06008415793267,22.130424592391304,73.41468070652174,39.12633152173913,43.41452876675938,71.91911885417504,57.51796699082376,30.316004992527173,73.41468070652174
45,55.73402085640458,65.77228912882983,78.87699796973052,67.20262805738435,64.66375363348966,60.977755686101325,105.54273255813953,122.37299280177187,78.89765365448505,13.063374371519366,77.75102815844153,61.028279523969196,64.58431327242523,122.37299280177187
46,152.35361619307125,120.56313740755158,95.6342117555469,58.242040307743046,59.66475503207491,50.493726125313195,24.730284157259636,96.28787465940054,152.78681588166603,33.83070158528941,53.19542147423543,57.974185593195,125.5219247652783,96.28787465940054
47,201.87400957696016,203.74182255064076,192.55603210693124,52.902889907115295,54.66311454966463,62.33208288850664,59.01750034449497,43.25263108033623,215.16234540788204,26.739249264849914,52.341397277313256,41.39068219082379,202.5371114424004,43.25263108033623
48,148.36135606208038,126.2540229395738,167.87692784859394,55.83017169789344,63.17725779549984,56.66828521892959,128.29425841685315,78.25987034153935,169.06880655833413,24.249603588089858,54.64706450976203,57.09563706778444,133.95921569584996,78.25987034153935
49,199.89973055471813,214.02178801125515,230.25080393930259,91.46825751922638,69.3107111840909,45.06904044974485,39.075724173449906,45.84008516731987,230.4009710079389,50.3528222514562,80.11870038536384,45.143123887456746,212.19117354600036,45.84008516731987
50,35.569064102564106,36.92991025641026,33.89061538461539,41.58483866835155,45.673512749899245,40.47819288343281,61.57597435897436,43.00116025641026,38.808461538461536,60.98751246454033,41.442845319069264,46.02093175035849,36.421157274358976,43.00116025641026
51,157.66519753610876,159.7479290569244,163.23228193146417,115.22796168028606,113.41198812680734,109.09309331224385,60.53150665533843,46.70767841971113,163.5140717926933,51.0379604365177,67.88892423817433,109.32361454766303,159.55671061314072,46.70767841971113
52,133.44703282828283,123.87396184062851,113.61259118967452,90.35843064135872,89.23024635236082,87.51871359926295,29.41753647586981,57.15451038159372,133.44856200897868,44.61334656075231,44.332680307069175,90.35713057979027,125.16832577160497,57.15451038159372
53,206.578941320668,214.68842500383025,220.83621112302743,62.872251535151825,53.96720729369953,47.47133443779256,70.75648460242071,22.54496705990501,221.01812088248812,46.179743594800016,31.11347764580134,47.590048955403724,213.408218930596,22.54496705990501
54,132.3322382144347,139.48041823112223,141.51659626616603,76.13667101780055,72.59172126917939,71.94213198480324,82.60690446391322,31.88325250312891,143.47155298289528,35.208494817495776,31.286874682623953,71.30793192712065,138.10772721370464,31.88325250312891
55,193.09115606179628,184.58467530767217,173.96586148206336,88.9303565236024,82.20535252523081,72.11371149253942,29.973553286200577,47.486449332285936,195.92995548572924,34.53255758111484,60.59761902901256,83.256408087225,185.62647475779,47.486449332285936
56,101.44917426863793,99.66660113243158,98.18246303869141,118.47893510978083,117.47975358327092,117.45468564935447,5.518724441648317,9.524245045611828,101.46704938659956,27.35413651253232,43.25894613454053,118.48151571190121,99.93842141082101,9.524245045611828
57,203.4521028037383,193.9315970313359,98.68127405167675,72.32850801340265,46.34910930600173,50.21571431679533,39.88908053875756,172.20986118746563,230.19811022539858,31.019183827416448,20.12244814937676,29.929686438267076,189.07858323941724,172.20986118746563
58,127.84857117812062,181.4912999649369,219.61697931276296,81.36736474666967,50.424357722522146,25.050438934384403,95.26834239130434,114.95948018934081,220.16109309256663,21.980405311127768,73.78371974979085,25.70829252304311,172.8395298737728,114.95948018934081
59,223.75286080202252,169.7602456630574,181.14474909768307,33.42207273946264,46.74497474836061,67.2681629534365,83.85199923490178,102.32408146632736,240.57779884569965,65.67964549676435,55.73571428512339,10.222284845445632,182.06103678958132,102.32408146632736
60,97.99686666666666,98.14585555555556,97.68197777777777,112.59890038522697,113.15701619895711,113.1035398585673,43.90961111111111,41.04361111111111,99.32163333333334,48.26047355367787,84.00639339607072,112.94852262472271,98.0806885422222,41.04361111111111
61,78.86181972789116,79.43392409595417,80.31005639097744,72.68694100214884,72.3051311645765,71.3679129218549,82.27423916935196,23.202747941281775,81.03817579663445,50.757358765521644,32.449619928116434,71.89292989549936,79.37555145900465,23.202747941281775
62,101.08744912740568,78.08973408291371,84.45750845002414,86.81373531093247,78.6591248695029,70.38058514886461,105.4076101952128,113.41761226460648,108.61542043181348,54.69913240229276,57.75705478942897,82.57080981617204,83.43880161067807,113.41761226460648
63,181.1384995368941,118.42462951528249,86.13732633528866,71.06387926670624,85.9100366277825,81.49735555091291,14.869404137079345,151.03633837604198,181.18627662858907,17.743171857394497,77.99554668014902,71.06925406326252,129.42645499228158,151.03633837604198
64,29.904246507261583,56.70030095532608,39.992075763432545,30.850013166214627,61.101705785116486,36.687899269087424,80.97674498867966,131.03356756309017,58.67168949141311,26.734075328764295,53.99635500944247,60.400036230150825,49.797125920812846,131.03356756309017
65,132.30399118015941,29.77632803333738,24.527521543876684,56.8166224003829,11.959095415805708,9.845896656340825,6.07147914390905,206.4341748594085,132.30399118015941,28.07779735631864,13.09372871964539,56.8166224003829,51.19474538981269,206.4341748594085
66,97.01642655809583,77.10958346382712,119.16675540244285,77.79220101533379,68.71078269719816,76.44166261267193,80.7745928593799,144.90036016285626,152.13589101158786,63.98953165111863,79.1376260593581,67.2556681188204,84.37830611963672,144.90036016285626
67,210.14896660583042,182.69895920682683,166.80437034479357,60.645091237854345,90.15370916651621,93.04509133476287,62.98236570808464,70.43932817047305,210.37077640211118,71.47798740286142,83.86177289311992,60.69202795272667,187.3872414640162,70.43932817047305
68,29.251747702458566,32.25849632131543,35.11106092739507,59.41685410662772,59.166151400861786,58.914721684029125,87.0411855575629,82.88234755059828,35.120486738407564,40.688329010831985,51.106236558741024,58.92292389323662,31.825216729505403,82.88234755059828
69,70.60177484537098,61.88532502895443,61.171644365589806,83.40179569750568,81.83843103054333,82.12004950691215,9.359161307015599,28.218541312436855,70.71153680293733,31.56344823121502,71.4896574149579,83.35589390611844,63.68691451602967,28.218541312436855
70,65.60884702027442,36.69513277356816,34.17673561335245,58.85895622875307,36.99159423105366,37.26602244954301,34.83809475049492,94.15214349102328,66.20392176940406,54.55811870559996,93.94995590909369,58.47291089264857,42.660360147450334,94.15214349102328
71,89.30542852303523,51.42163908246226,51.88369870305846,69.12371334684958,49.661615491612345,44.680038020007686,68.80856199186992,120.73603247193186,92.70008831784746,67.34873388615708,64.8862523524291,66.2788876163689,59.509093422135116,120.73603247193186
72,138.12189009027924,122.77036531597733,156.6048183917699,60.29028808549489,66.36526358020527,56.71427855085466,129.92182579256772,71.16384762754566,158.13055715935334,29.674998962440238,44.69504139131175,54.74912357900215,128.47694699506613,71.16384762754566
73,78.85965896020244,70.744895905222,54.87733398512384,83.03672880838624,70.98352100668006,53.63053305727225,60.18900966183575,145.61493558776166,84.1136367993252,48.24790149272879,65.38680620823416,80.14314969417053,71.32445656007974,145.61493558776166
74,93.81332204065365,163.19208349940214,172.83944051414906,42.13610300737652,33.432193831689744,38.42027773815031,86.18140942606617,130.52040155440415,180.12270825029893,21.872875052426668,37.246843875888445,33.38733207794712,149.13869798973695,130.52040155440415
75,94.44980975532421,104.18373804365058,100.39412355334778,58.386986395084875,66.05148611811023,57.20984527855559,82.47099429265973,45.54916635839983,108.36775352745336,35.20144677974521,24.93035403444734,64.58074969492066,101.84069472335254,45.54916635839983
76,111.41367937853107,99.30492231638418,78.56677259887006,76.99427380310992,68.29673879068021,53.36917730879362,28.498072033898303,68.5701836158192,111.64233757062146,33.282941868871696,38.19033107763245,76.69283573826219,100.38194965819207,68.5701836158192
77,95.15373993808049,100.1931919504644,98.64811145510836,69.05938660286371,66.919551804483,64.75078350046128,77.0970092879257,50.695879256965945,103.64097832817338,38.60294308191422,43.961681700562266,65.85903696910368,99.01024964086689,50.695879256965945
78,47.40802373581011,52.820981682146545,61.8172084623323,47.141767059900054,48.39698108656169,54.66063345047777,93.02571379428964,109.40332602339181,67.23326238390094,39.55757927223602,58.09493066438664,57.31462050166323,52.31971439628484,109.40332602339181
79,79.16086419753087,76.57414609053498,80.00481481481482,101.02428713851114,101.37770722861471,99.31395762160663,88.92538065843621,73.9118621399177,82.6808744855967,58.78313493282482,67.0239638308912,99.09721138859294,77.37177664197529,73.9118621399177
80,178.09880879267106,156.59814345667638,162.2576961461692,72.64997331285883,91.22179706447005,89.38084465019924,118.795018936486,53.194706740365426,182.85969727212242,50.56597599431178,71.66929861285948,73.2298865245125,161.57780461129022,53.194706740365426
81,66.426854690374,85.62664009809933,100.95096566523605,57.54892288033537,53.32966628665489,50.3209265512513,101.86394849785408,104.05994788473329,100.95660637645616,13.23685586772439,41.496603050644744,50.337320175614074,82.65118202636418,104.05994788473329
82,55.9268332605849,17.177290211697947,21.498076713225664,59.44843457105285,28.743689686295355,28.33157759598076,115.006076767787,177.54940528153645,58.8964562418158,63.11479396957553,62.861508080387445,57.278775893151135,25.72740384930161,177.54940528153645
83,43.69108103830326,40.458016777461225,44.07261000316556,81.586292811027,79.13576731315072,77.93056060405671,95.75886356441912,128.38200379867047,47.4690170940171,50.56206577888498,92.88409643732271,80.25398797246386,41.40633987021209,128.38200379867047
84,94.67142857142858,113.87270997846375,101.771888011486,57.98133578980363,54.172263749793785,55.660324528215774,68.8329720028715,53.6737903804738,113.88292893036612,12.000703425061216,28.484365771129305,54.19674461717921,108.91683820531229,53.6737903804738
85,170.29979755246117,136.152873846633,137.2667376098213,47.47166494108901,86.9032103088342,91.86250552485365,58.60431888082848,89.63899451055713,177.82457142115578,56.34723832417453,76.88988748684316,52.98995331787306,143.49293079019427,89.63899451055713
86,198.4463137254902,187.46239215686273,168.90556862745098,52.2678454386969,60.98767440054862,70.21938523732616,47.70901960784314,45.72164705882353,201.72211764705884,29.98715864086679,62.83654121446068,52.876566189439,188.45777122352942,45.72164705882353
87,174.60692771084337,173.91238378711697,169.58344203585997,46.582977224627385,62.07290741288047,61.778354537930554,60.24210819656579,32.98598330329191,181.3251885494735,31.052872416723172,58.641803813043616,48.61280692733742,173.74749423086047,32.98598330329191
88,188.8007512566978,101.83185797934044,90.86633430923051,53.30578332009214,71.6304097298897,65.55101467701195,47.204241009777384,146.56431944981495,188.8046870684417,70.39035067166152,72.36423671043305,53.2990957452771,119.52973388112468,146.56431944981495
89,91.7631051061008,67.94029343501326,73.35092838196286,87.2155644454546,83.4192971423443,72.73513406364343,103.51892407161803,141.26169595490717,97.22151856763925,65.24717927352408,73.8863531244184,87.35996288081962,73.39567103945623,141.26169595490717
90,30.450899276715386,24.580677354967484,19.630196596055203,47.35913461638724,39.15334833950189,29.706385142634897,32.401267357757604,70.42098061940635,30.782419032901938,49.28518900695965,64.62225290219584,47.1913280202483,25.471261824737628,70.42098061940635
91,84.01745995778126,107.56234421400374,128.67934024257892,83.28142060325348,63.98270377231403,78.09741868551255,77.40049374470775,162.06271988932485,160.09831959832556,46.013665657878065,87.57083442126206,71.75646652600096,104.08134893439396,162.06271988932485
92,40.13399014778325,70.12399014778325,97.20650246305419,82.4804002832021,73.62320491068526,63.71739264286926,100.21985221674876,200.40349753694582,97.31985221674877,17.681870985686672,91.68811773387556,63.98681060196982,65.7034735369458,200.40349753694582
93,183.10041850732387,158.55038363171354,152.12070836239633,81.7889025631344,99.53093266056369,79.2948560235842,51.79560567309928,83.3352786173758,186.37325428194993,58.52276487343782,73.69835330446678,78.60004229540971,163.30549849182364,83.3352786173758
94,83.26686980609418,76.83776546629733,71.74415512465374,65.45882728493156,67.53180404186773,69.06520257913091,17.796786703601107,55.37854108956602,83.35658356417359,22.187171491180155,32.33860748354883,65.63330851109004,77.83683438227146,55.37854108956602
95,76.4827515568666,69.82300884955752,63.135570304818096,38.2740642755045,38.17245397067325,38.08433214861013,15.226647000983284,49.4748852835136,76.48324319895116,2.945006918251263,18.087586675271947,38.275162751846295,70.75603708620123,49.4748852835136
96,30.49868396490573,30.288473025947358,30.01265633750233,52.600960890121755,52.51302825664286,52.453226436329246,15.233983572895276,18.090806421504574,30.69100242673138,36.72909254500291,47.71929283397942,52.577727409146824,30.313249906664176,18.090806421504574
97,53.038699690402474,52.56024251805986,53.31282249742002,56.773851147871504,56.84210140920164,58.42483948294007,48.60500515995872,26.704592363261092,54.062435500515996,57.92076556216253,58.161208737613144,57.89769118571025,52.716298787409706,26.704592363261092
98,90.75210291934685,81.75795810654792,133.73544449942273,73.65024336324088,63.735593888649774,71.54270093838001,129.60813541151245,132.8752886359888,151.32663285502227,44.52354536262082,90.55440265177316,62.38653599063569,87.42288781131454,132.8752886359888
99,142.62594966761634,135.1928418803419,146.9735280151947,85.13777475003545,79.68066178105289,88.44835016981511,109.86265432098766,22.63687084520418,149.1007834757835,55.50539091038862,19.42126575735148,89.0910604419306,137.62368613485282,22.63687084520418
100,136.76677762473216,99.23767982858892,192.60208142026323,86.69491815725195,66.83668790569347,50.698652534292606,131.68189470462198,147.85826063666974,207.6615205081114,17.55055258249628,66.03928318257135,47.31279468665242,113.95727581496786,147.85826063666974
101,124.49318091714021,130.89840095149992,86.85734108629576,100.72250411775416,84.34268508830476,69.12043708061444,68.57215541165587,153.88237082066868,147.1010175763182,37.47961932959389,75.30672630030443,86.98618178547294,126.35688664992729,153.88237082066868
102,86.59677296539961,82.17815444282002,65.70373669996751,82.03984953048875,70.9222274183257,47.08977098565886,84.81403559535413,124.13373385721248,100.75886076591942,45.18191842299938,60.30338094126233,80.13984867031989,81.92809977968649,124.13373385721248
103,96.4248904185702,94.59050500061736,93.20915390788986,116.96610534657664,116.06468113153976,115.97100068124779,12.778691813804173,22.65078250401284,96.44421379182616,41.72425371741509,62.905572828595275,116.97059712352623,94.88076179157922,22.65078250401284
104,223.22711218078956,188.5552933454193,129.5869955927859,23.58894893037474,45.922512717193186,81.31274912754199,28.60757040602632,114.41214484418467,223.35132685274903,29.76684318432243,74.1242036411811,23.74930314237919,191.6690109320789,114.41214484418467
105,85.72650157877293,83.24187498909687,84.54114404340316,89.83765956811231,89.51515960957447,89.44136323350293,55.37311375887515,37.87001290930342,89.99788479318947,59.70393935434771,53.33482875185384,89.44109054026465,83.86391382778292,37.87001290930342
106,167.25521687950345,132.35570200470858,64.35860918884212,70.92774464913882,69.38197881836476,23.960800192345697,17.076068345580367,145.63097488763646,167.25521687950345,12.611750291903222,41.23664499078345,70.92774464913882,134.8659487657844,145.63097488763646
107,188.2034659090909,142.63508522727273,98.79892045454545,26.402866998012943,41.14613220174039,26.926039672980583,13.487414772727274,120.54758522727273,188.2034659090909,6.173045386138503,35.362386240836784,26.402866998012943,149.15795186363638,120.54758522727273
108,135.26738410596028,115.68223357441617,126.24120447019868,79.21398238016796,83.17062909292619,53.1767317935707,79.8470775967236,115.60679352561868,157.71605415650052,54.06073251479349,53.296080143533146,67.78303181787933,120.60839427609793,115.60679352561868
109,115.71750523224412,30.97626080205239,23.181727653254118,83.8634072981399,30.93969270437585,23.564240549225893,23.710319335673777,171.70615041857954,116.05926782338645,46.503286181663526,75.6173622205558,83.44402951878098,48.429484074567924,171.70615041857954
110,151.28373567576676,96.2424271149309,95.32201086956522,75.2198103495636,97.44303870348908,97.82697726848185,26.70225080047186,131.77309782608697,151.40328509437143,55.34598984950939,92.14898801524036,75.37528061633745,107.8777552620492,131.77309782608697
111,49.4263959390863,17.726615698898105,25.632583261111797,65.74483061469715,27.315128041430036,38.9168976010813,96.28220564566051,182.96811935124427,49.58155874705955,79.05905047489505,75.2968577515928,65.63345916820192,25.036799835953943,182.96811935124427
112,82.00698380566801,80.52827935222672,80.5091632928475,99.36753101382949,98.49630713949642,98.49273480526588,10.418542510121458,7.358387314439946,82.152995951417,33.73109893544783,28.46213669428792,99.29402523738614,80.84127173954114,7.358387314439946
113,123.15250718620248,114.68586599443354,140.10313911575489,98.03477096489851,99.96726128355917,83.73058960135671,104.85118857507871,90.93180521969248,142.0056520052927,50.09586086122098,79.21604601023446,84.42579643430516,118.32100103116301,90.93180521969248
114,59.88841750153343,52.610713555510124,54.3507718258025,84.64014183267854,77.18168654153939,76.29303298764489,87.11922408505419,58.36273257002658,62.34249131057044,52.38688021107175,52.033830768898,83.48390345703129,54.28358562154977,58.36273257002658
115,249.1726710764627,245.2680230726829,233.49450744153083,11.519531770576595,19.708849412741877,39.64953450937285,42.98911331600913,18.349190881171747,249.78721749744074,43.55079048278624,33.54718277380554,11.717842468609671,245.24810340971732,18.349190881171747
116,108.8180852856902,95.89498145963256,135.18658772964773,92.23582482231268,96.85193663680258,86.11203722055798,100.1544244058655,136.15677144783416,146.50788386988032,56.14557241609246,91.4157603305175,80.70129309644457,101.47928730574749,136.15677144783416
117,60.32612679351217,77.36580825015595,72.53095757953837,51.669516839086064,48.2193182760134,49.148145783223285,80.31862620867125,74.80385410168434,77.39781854335621,8.784328595589281,35.04743687863213,48.24781834572803,73.39409575405492,74.80385410168434
118,48.84368166909621,55.53146638119534,66.79418731778425,46.55846311949038,47.67894775734233,53.031755176857914,95.02338055758017,113.46717838921283,71.68338875728863,38.186222082568115,56.247505756178874,55.22465784030102,54.92281180302478,113.46717838921283
119,25.72446949602122,26.877928824049512,33.57327586206897,33.832333346517196,33.614990420116136,33.130613262620486,115.60941644562334,99.48458222811671,33.57327586206897,7.42933611534782,63.4412534924813,33.130613262620486,27.116107427055702,99.48458222811671
120,143.08374677897004,149.95291527248952,154.7518845429022,58.98210118108739,59.26143063687555,60.75050964355418,87.34521749163494,26.076747048190455,155.71836660128457,32.48007310564687,30.731478429166785,59.577957941986284,148.83901563209108,26.076747048190455
121,50.300616591928254,64.16516255605382,82.33877522421524,45.67898737398211,46.855264364682824,49.93293948921389,106.24948150224215,106.13291760089686,82.34285313901346,16.503809300401624,48.24792832812678,49.940167080696455,62.529694918721965,106.13291760089686
122,213.67852702702703,165.4691036036036,113.69872522522523,19.19189562889049,55.04508128198804,51.76793012441728,17.62453153153153,122.67177477477478,213.6785900900901,6.012323381040518,55.877659137873394,19.19120381262921,171.98060570450448,122.67177477477478
123,189.3294161306284,170.53098713508163,123.82901410192974,78.46205970131898,71.43636268471683,55.75778281528105,20.933201385452747,89.05037728847105,189.3463013359723,12.652957914325064,48.64513961685417,78.42289122167563,171.15565068654132,89.05037728847105
124,172.22315964329428,151.75393425424025,102.51516873579297,73.56154271744632,65.54862284847061,46.613663375008855,20.442079034796294,104.33038992830915,172.23636125196714,13.116190670939043,48.618358163570775,73.53195299546277,152.55065270152124,104.33038992830915
125,193.5870795870796,166.03138111888111,73.13922743922744,83.37813599905269,93.30949856553214,27.91770343056727,55.6485347985348,175.33167665667665,200.44183732933732,55.589261547162934,30.310218237236867,74.00562657181882,165.18290911754914,175.33167665667665
126,13.576206396102213,13.996397657181362,16.427875395221065,37.54058720832885,36.07723056962624,34.277942521758575,98.34660239465092,119.13201679365574,17.148888197791944,39.13808277281955,53.36055149233583,36.64727331334754,14.0826176877624,119.13201679365574
127,14.603194962686567,16.776605254975124,19.424362562189053,33.838799717886246,36.891515684778255,35.12038686794071,102.94684779228855,124.2382035136816,20.115885416666668,36.03547444919664,56.7746102524345,36.831225592206195,16.505706304415423,124.2382035136816
128,120.8049382336042,130.22211278010343,122.2590443650989,83.68991104998715,76.74292690157539,42.12829109988146,78.54250287285562,95.07450956250513,148.61018940326684,39.92323339459596,35.233055162165975,69.79404324931185,127.64508793195438,95.07450956250513
129,52.24418657773311,47.494803325871445,61.27699415231395,54.654885289702,49.26377691353762,55.258301491485184,90.16875485403628,152.07637968842798,77.2586401845676,52.417897210730224,55.73928864030898,56.834056721909256,49.499596382886395,152.07637968842798
130,133.50823488718603,138.30287489357173,142.77989303959131,86.70580413447738,84.00319738787057,82.19664841312625,90.32296988080034,35.62438803746275,142.8665788633461,34.446956260416265,38.619634208381896,82.29030249442694,137.60677513835674,35.62438803746275
131,79.38288164165073,73.84617628942847,54.834489577592635,71.02633014397189,53.017660958749644,33.056038854555005,67.4281129445327,92.85259506597076,86.47312542548708,36.06438608388733,46.37201792825908,66.90033903223437,73.65063606671637,92.85259506597076
132,124.06686859273066,114.92102447274861,118.13025956991474,72.04907995214069,76.02639257309119,76.92450894246194,90.77206516861689,47.43582375478927,129.60014324669498,49.01798542417849,70.66472295022888,72.08015153369836,117.09713770667219,47.43582375478927
133,86.7997954132148,45.90975449585775,44.09349110931501,71.58048124644387,84.95419253978822,85.5184544575356,19.022087795514246,188.61915285916348,86.85579157405536,49.551950177815804,92.02639055899135,71.70684922130748,54.47184297837946,188.61915285916348
134,94.41225124685201,94.75269739765938,91.97560922917387,71.44456834070377,73.2962064330071,74.63556463588377,38.86109636561157,46.71475791318947,100.03135956249074,36.48221104379521,34.613254206558906,71.83525290676971,94.47981278023308,46.71475791318947
135,24.52452556668424,24.682907221929362,23.051779124934107,37.4188907336551,37.372850585262796,37.63172604270503,31.520809172377437,30.72032156035846,24.78729573010016,21.481339790070674,19.97486713683697,37.43527307117336,24.53146783342119,30.72032156035846
136,137.5307577189666,123.08487417296786,158.56544876339004,92.28542494084473,85.35251914754464,70.49154936244899,66.07894710932577,134.11720226843101,192.70947542533082,55.33658862051817,84.61669086691512,57.488575222561686,128.71776650027564,134.11720226843101
137,78.30427378152623,106.62227313275484,99.48534182142568,58.681445725209414,92.29483661527902,91.8764972059366,64.33673262509123,86.70983699618847,109.84455842997323,37.0298074245729,50.5138913093361,91.38880842863885,100.08658003000566,86.70983699618847
138,39.52458080511516,36.58644875057089,29.59791544333529,49.14464856547709,40.5709940618967,23.332257201086033,69.51639264043844,84.4137796046193,42.98298753833105,46.21219410522015,53.703155315398355,47.71759288335523,36.70652352058458,84.4137796046193
139,48.324528145237174,42.65486799136547,37.32347650412354,66.4569067099709,58.081382549940045,45.55966357737426,90.98419770852936,86.16402833896053,52.550354237006694,45.958931258220574,54.79927389720733,64.61793993390133,43.47531127469972,86.16402833896053
140,185.94666666666666,141.2483134920635,131.84373015873015,54.71083375492164,94.64593243725811,96.30991849838027,12.704742063492063,101.33181547619047,186.05423611111112,12.152704208378253,94.69202925507123,54.80474798498697,150.07217246031746,101.33181547619047
141,187.87406747721934,194.56079790392113,184.19952760783707,78.77231960205475,71.10980408830362,76.25864045119023,42.45808487570665,22.308913498025245,194.83395931748368,16.495071131978264,26.543305941926807,71.29506648747433,192.39111529982705,22.308913498025245
142,240.33621632996633,240.3441287878788,238.39396043771043,32.42249670759493,32.695153351081956,32.120195820022566,33.05599747474748,2.246233164983165,240.49368686868686,26.14861694536031,0.9783410524935708,32.458768233392746,240.20164444444436,2.246233164983165
143,109.20507511556241,139.4024942218798,136.90213308936825,72.61555535344125,62.86731913053475,63.34341251137059,84.6300438174114,73.08017141756548,140.04517767719568,19.299440472460315,39.89459853690159,62.91800715324115,132.80199684610938,73.08017141756548
144,137.56352094452532,102.8607943824465,120.92743544126368,93.10884753138417,79.6300718051177,79.4236866771906,155.82978192894495,89.65614723165669,140.93172812550543,26.19501028727539,47.239387090185886,89.93623435701423,111.54300553399105,89.65614723165669
145,36.16231132740866,34.92002868293601,29.160207128414914,52.73174332379872,48.425532129016936,42.96833967121665,43.12702191188226,80.161547232802,37.712118540461745,32.77815740572191,53.312552535316534,51.99574411582352,34.76827885691446,80.161547232802
146,25.74079268292683,28.870158536585365,20.48989024390244,33.1593991289205,32.096141128502396,29.378501269084786,45.71848780487805,100.52330487804878,29.61519512195122,25.074121722453548,54.42103492445341,32.81176021082367,27.599799985365856,100.52330487804878
147,134.26499658752985,97.63228196753279,108.6915370740506,80.66603193698852,88.78473599073615,83.13588889621037,110.62447594208551,111.12258689611465,138.39220859942475,70.79908821056,85.98873020671118,76.69849367097719,106.21887531443474,111.12258689611465
148,30.34158087394189,30.0906543125143,51.00354609929078,60.009481925740914,60.92270556312664,63.29289539451108,114.38380233356212,158.7163463738275,51.01790208190346,29.440581999989245,73.49879385264045,63.327320481521056,31.653912086479064,158.7163463738275
149,144.66872575476472,90.18393700455388,100.27469851576994,42.23146206628969,59.147364522188816,56.581056640561506,169.4503921403272,108.07705768257716,144.67787569573284,26.68219716692986,45.52072231715139,42.25454859360967,102.4959560739585,108.07705768257716
150,55.864386243796524,46.520684708436725,51.199441687344915,71.45004713569773,71.79051701303976,70.39603263112633,129.9396033653846,82.56330451302729,57.710782413151364,50.30194775410796,50.65323827964231,70.6858427950198,48.84496190873139,82.56330451302729
151,134.09377173913043,110.29086956521739,76.39394565217391,66.36636786014478,57.83488175028912,45.1839520650277,30.003076086956522,125.07648369565217,141.06201086956523,28.607411461674538,65.85642629189564,63.309675854688074,112.90400866086955,125.07648369565217
152,152.4100672725127,115.05608993272749,94.41832880915851,56.14703905147467,67.84444017356608,68.61118033858513,12.787619497226483,114.81325976631653,152.52319131358433,16.46856753524701,58.09640717704756,56.23430994614625,121.50749916204414,114.81325976631653
153,132.05016447368422,92.40654370300751,77.22521146616542,55.08557890466727,65.24093185150572,68.76988798944726,10.479793233082706,126.51421522556392,132.0640272556391,16.622712137067495,59.927913580591394,55.11609639571358,99.73868529135338,126.51421522556392
154,40.52120210075861,31.374878428321338,26.320714193088246,76.649130282818,56.715267705566724,21.280228302369725,100.44054334435583,169.52796959087078,49.49801432924853,47.9550284654484,61.68931138784699,72.64884933393778,32.954476183297665,169.52796959087078
155,79.86134222919937,37.59635007849293,35.67607927786499,59.037628397501365,71.33572247233359,71.5425143444434,14.472527472527473,192.01424646781788,79.86251962323391,45.15114368289826,89.86367746215673,59.04107190218434,46.44324385792778,192.01424646781788
156,180.57285429141717,147.50736027944112,139.88865058344848,53.725796336071795,81.70817081580152,86.74577201141298,78.0782329571626,77.57495585751573,181.3258147167204,69.57377687201839,95.89260569569578,53.65599269715127,153.98701346633655,77.57495585751573
157,108.91641846612063,110.16234642591213,115.63393521965749,78.25687355104533,77.82950308447299,75.40264391112215,100.2039277736411,24.574599776619507,115.66876861504095,38.2690965696463,26.034230410013397,75.46152331089868,110.2925108525689,24.574599776619507
158,160.11793382082874,164.45542839493805,178.75798440682493,95.37714676731268,83.89538723678237,51.29561619282547,63.48095512371031,93.17662526294701,198.98416474673613,45.37193741193123,75.77038155578757,53.354973026735394,164.56592159254066,93.17662526294701
159,72.514078090118,53.29131167706957,35.600699348489684,90.63054989280784,72.10102494250732,47.78298328585362,41.34162148617249,134.6322554558294,72.68077702856623,61.275592537083696,83.97919401017607,90.5019919638425,56.10080960636018,134.6322554558294
160,93.74835526315789,81.3082947069378,74.98192658492823,62.344601046055416,66.11111786817106,67.20581514623558,11.437630831339712,77.44316312799043,93.75626121411483,13.7960474838068,53.33705271588322,62.36461658873083,83.4962878027811,77.44316312799043
161,112.66580090800211,110.9120094421079,115.00583516697769,109.51079663823548,109.3731679107064,108.91520269376339,41.0023744533883,31.02243545107651,116.30659694175974,58.011888408013505,69.39328060160263,109.2360739258158,111.5804397250926,31.02243545107651
162,225.5434045613314,103.33891514279844,102.58860694472982,18.108765407595076,58.612864962172104,56.87186372860008,80.2860078076844,146.66909800698582,225.56163961372508,86.57224272729634,54.87803235206732,18.13539334858557,129.26541734127798,146.66909800698582
163,174.50880664652567,96.93147280966767,118.16913141993957,50.406253338397505,72.20274990645741,57.713654002406564,133.27610271903322,130.6590181268882,174.52523413897282,64.87393287045973,67.13430017556789,50.41555064584084,114.95777293504531,130.6590181268882
164,67.43525725729859,61.965282652682,71.89320518643927,58.46768894379376,57.19803024338779,57.11189213128263,110.5212092744766,69.33820766403765,76.45024672750547,43.257152480425916,47.02414514473667,57.69775606362353,63.84499526056076,69.33820766403765
165,62.37770807734592,42.96032464592899,50.45967794089116,66.51316825886192,52.048004495689625,51.816191618506025,92.31156631960162,85.2883657763694,67.48483476686283,62.27384028791467,63.79409700119405,64.58500897615569,47.6299136713445,85.2883657763694
166,99.46171261420099,86.2784350456804,97.26196105145056,94.34816479808943,92.01544673621001,90.08391245413922,114.76335350216381,110.61670540150665,109.22426470588235,38.562512568279644,84.6518455755618,91.87312624152398,89.8742104343645,110.61670540150665
167,47.98314996301775,29.31924926035503,32.56900656434911,73.85377310019332,63.56652474292825,62.426362126530506,105.66611963757397,171.22010216346155,50.71085660133136,57.159181581492945,85.7901959136247,72.60624013933052,33.52182702708949,171.22010216346155
168,41.503166748126425,36.008410720104266,50.002871456500486,84.51845820028296,78.40835168533346,75.81150465098389,116.74764784946237,201.512717904855,53.03846937113066,29.80951714819002,96.88546137054088,79.9090735171273,38.186995916829595,201.512717904855
169,36.43705484330484,23.81687242798354,35.104166666666664,78.28173331566495,64.59220889466305,61.09905533155225,106.59248377651156,218.22720797720797,47.78915400443178,41.817161663406424,81.8208699000218,73.75081123889113,27.314865853513773,218.22720797720797
170,215.06960972850678,197.5062556561086,174.26358597285068,37.94387349372338,51.11013743524598,64.0867300824557,18.460067873303167,56.51564479638009,215.08217194570136,7.6544415577526035,48.0333377068402,37.95541771864791,199.5621039807692,56.51564479638009
171,108.82707182320442,76.29538279400158,58.04952644041042,55.44005637780079,65.29017980763157,70.51061898238189,10.894356748224151,151.3798737174428,108.82726913970008,5.313302515698209,71.06634164346285,55.44045169527452,81.89426905288082,151.3798737174428
172,76.13793869124778,53.36096908156897,62.857494358826635,37.85575442345415,42.02593432260353,42.40217636908128,157.34741226175043,91.82404940227568,77.64209155504345,31.228908606119614,34.326891202118176,40.23251588577345,58.88900194560468,91.82404940227568
173,85.39313149127963,51.56796982167352,61.19632569077014,53.055554113705035,48.86519121558845,47.948990755833265,153.44858906525573,105.5806192435822,85.4141975308642,43.97967740624609,44.29371726146207,53.09510983229307,59.454366486380565,105.5806192435822
174,211.09786580302276,221.76324530808836,229.347512871616,25.27272736301957,27.467938176494037,35.83099299301892,97.14122100426286,42.43308143719205,239.67424431157616,34.304627778339444,26.959504892868228,15.233703400848443,220.04336974339807,42.43308143719205
175,202.6197881451431,183.40154759221696,186.57332281571632,56.34050811464657,85.17019532969317,89.6588719261639,85.2802757118173,58.965507850649836,210.2452952445346,56.207430230220425,77.5208201651115,59.27747606604867,187.71634770490567,58.965507850649836
176,41.45971433080808,72.07354797979798,104.03650436658249,36.84834031811525,45.69874274397074,52.70611211010962,105.73652541035354,173.35363399621212,104.03830623947812,2.4947399558730896,44.92743652126073,52.70488594311372,67.87277239714857,173.35363399621212
177,46.829595269097226,36.2591796875,90.16696506076389,50.644776270493786,50.483478160785694,57.60163169951326,124.75624457465278,171.78055013020833,90.16699761284723,9.874361934514148,66.1057253923307,57.60171703307951,42.398592144097215,171.78055013020833
178,206.32819302225764,184.6616285486541,169.1567539395426,60.200011706460565,67.29676470873524,63.85029054424768,16.60615304433135,49.0494818811699,206.34182046722668,18.21711374888997,50.42380939166251,60.17069919023689,188.14848820896435,49.0494818811699
179,23.15971182025399,16.704973949853468,12.436242266362749,53.928516159884914,46.588495127267564,39.55587356206626,37.68589221751872,197.56299251058286,23.216232497557797,60.45506586059518,86.0084948703351,53.910243889490175,17.769048793552592,197.56299251058286
180,61.24631958762887,62.6139793814433,64.29256701030928,29.337042782768798,27.07861328355675,22.580428584506116,84.86531958762886,33.8629587628866,66.79031958762887,41.10579643263969,26.016974100558848,26.83535602696013,62.444408936082475,33.8629587628866
181,122.66740688264625,90.91188932181684,89.47974169641154,77.76547669766587,78.59177364292567,66.8419689291865,76.30458979319364,116.04803683823329,125.46138388599766,71.30937667202446,65.54832571079682,74.72200972174343,97.55971129669491,116.04803683823329
182,130.48898467432952,122.34530651340997,145.4445128626163,54.23400527374947,55.72747251650531,46.77971806709096,125.0813492063492,48.04570333880679,145.728995621237,30.05401117257276,24.140115461156903,46.91054439755007,125.74441518883414,48.04570333880679
183,102.82151504669665,110.83666674902406,105.84754410238672,110.69903998139232,103.19480940631804,105.92621374376446,65.72734347976478,94.9289358600583,113.39243094332164,38.825068150068496,80.25199159679367,103.35308993483957,108.77243084202205,94.9289358600583
184,208.28463094639565,203.76391582273936,192.00412985707104,53.27803637073665,58.255440031669444,70.23450513525283,25.340054825348943,28.222898561133857,208.41089683736743,30.02808791342221,31.820837431811164,53.386404238233496,203.87596331130737,28.222898561133857
185,164.55897016926428,156.98973521032346,127.44961873638344,27.87064466241103,30.669165693972097,31.314667573694567,24.897247360482655,60.739169599463715,165.52281297134238,5.822512045545392,18.887023427324287,29.210098796908664,156.4661581531758,60.739169599463715
186,111.81230981361735,96.68691755420312,74.8089221186763,52.648422031269476,58.53988802463984,66.90964040314408,20.872052111068847,112.07775057055915,113.17972613160897,14.82019258400598,66.12809557344906,53.14008635508212,98.32298467810955,112.07775057055915
187,82.5985053763441,88.9024623655914,100.02180107526881,67.93370785024348,68.58996197883914,65.77105299301962,103.90349462365592,62.096559139784944,100.66698924731183,29.517970080617356,45.49503067498219,65.90136060542048,88.36505736451613,62.096559139784944
188,114.81025564642799,135.08407355251043,154.45935113470185,44.77603460059467,39.70131179716419,34.23933254517625,101.4591344851866,70.25264041596706,154.51424470562748,17.19118454093487,26.526019207558186,34.30004668828655,132.1727549071115,70.25264041596706
189,93.43789197335796,51.51349117604162,51.57304681802713,55.4079375657175,17.905845583288006,15.852682740110787,78.09612766784967,109.54492196995479,96.42545821381691,73.30292350956434,56.05835072917054,53.05305729152083,60.430918702902424,109.54492196995479
190,35.18956043956044,30.67821268079,30.971224651637023,74.81426259137787,72.35615243245886,72.3989119640773,19.816651561496922,42.22717231222386,35.29162418337676,51.069547076054285,87.35441413343113,74.77447290336151,31.65848067859975,42.22717231222386
191,72.92255942841881,77.45717592592592,79.80311275819088,101.90591953131425,99.6833386169843,98.47800489800505,83.70482772435898,92.07261618589743,79.84810697115384,38.04944116714477,75.76648341527337,98.55075802530192,76.66249309784546,92.07261618589743
192,44.210728744939274,49.684649122807016,52.28937246963563,69.57264133268255,68.89674191427174,68.48874900271547,92.45924426450742,99.21565452091768,52.30762483130904,28.089117846581864,76.15197921572417,68.50069078643244,48.708954676113365,99.21565452091768
193,122.24915611814346,140.41993670886075,133.8707805907173,45.833791512764215,43.1581592776184,45.90813922924709,76.67004219409283,39.02035864978903,141.26793248945148,14.086224425431332,18.432986938266403,43.39153684262712,136.08397968354427,39.02035864978903
194,82.47052332912989,104.73076923076923,106.6297288776797,52.60434368716777,51.46671287063512,52.3675252186937,89.41141235813367,74.50504413619167,108.35498108448928,11.951247473135892,46.92888531815967,52.137998003802615,100.13534583858765,74.50504413619167
195,77.01411049062625,71.07895891503789,36.60354673580641,81.01794030775687,64.2824380801787,18.261346602468663,62.38761135487302,145.29588817976332,84.36326618800692,41.93904187870913,55.643688281643556,75.57017173320685,69.85164738066747,145.29588817976332
196,41.30663082437276,51.68252688172043,58.55864695340502,78.39582882741868,75.7051931623667,73.58649581945576,91.92186379928316,147.33853046594982,58.568548387096776,30.66244691812233,85.23635756882605,73.60418551611983,49.97306724910394,147.33853046594982
197,57.83745,61.108,60.8001,77.85545406390739,77.17195433575775,77.3547363772227,74.4058,44.0241,62.27065,42.75146811935206,42.842385778453796,76.94286255772856,60.390450689999994,44.0241
198,112.0469356261023,98.09000587889477,38.54221413874192,113.56495816225167,106.92047087898229,45.22470925946303,31.44973177542622,149.1101521164021,112.18941064079954,46.385965685894114,84.69860462621438,113.43521829801277,96.75789857951207,149.1101521164021
199,203.5069792536898,76.0046470342523,50.7375208855472,20.25767213788983,44.57995653153266,15.274510863862227,6.113617376775272,192.51087788916738,203.5069792536898,15.979595464487836,12.948548656265285,20.25767213788983,101.28735635616819,192.51087788916738
200,113.28564568975257,110.40567167551688,114.94140210145746,88.45187540976768,87.57379895101896,85.33430332354258,81.86404925997063,54.006660264376904,121.26708846458027,60.539337259614406,57.65649583981718,83.93970685794908,111.34543388769632,54.006660264376904
201,44.27276841665506,44.59925497841526,49.65671563849046,57.289202026467024,56.9957450472419,56.550633832889545,119.81579863528756,74.16662895139953,51.60253620665645,40.44328676969386,43.73674156918082,56.34084488450028,44.894992595042474,74.16662895139953
202,118.39897614451186,121.34975409082551,123.5576794907152,111.76563659111127,109.63572739200549,107.82109634837201,73.47201921309065,39.73002849788564,123.65102155727156,45.74145936494004,41.172150891432274,107.93250785801114,120.88183091331126,39.73002849788564
203,63.231404532967034,53.14277129120879,57.06449175824176,66.97913535951808,51.25512770125019,51.26127753313939,93.42190934065934,83.29211881868132,73.12498282967033,38.39695358626692,49.93558817850364,64.14762138345479,55.570762936126364,83.29211881868132
204,43.636542792792795,35.49742867867868,33.78451576576577,69.34781805925438,71.73689540994982,72.12132428863957,9.448179429429429,146.95195195195194,43.64521396396396,25.403514882436273,70.84107708029757,69.36747260242628,37.10413202702703,146.95195195195194
205,92.44239390980114,69.29744096235795,64.0659512606534,81.44047391793343,90.36981010155533,91.57653530900001,33.55166903409091,136.2710626775568,92.4813565340909,61.47590181349201,91.75046403068234,81.51680384886676,73.8403444025213,136.2710626775568
206,192.69889322916666,160.82737918644514,88.01386965981013,61.776024292425426,59.8669957660057,33.755672364965854,19.38373961629747,139.54717579773208,192.7102946993671,11.333171246813883,42.93346973587414,61.741442124383056,162.3461276841047,139.54717579773208
207,44.02779072268426,68.05332305706911,83.23032872096358,63.492418014280155,94.95963177569638,93.78104912289753,106.10102702896472,181.7553591912819,83.33563055635217,27.668728232990446,77.7791974848902,93.77997404875856,64.04127469171208,181.7553591912819
208,207.56080708266452,229.01947481942216,244.13382825040128,67.85967050430173,36.34288149775206,24.47014956256357,82.42217596308186,48.31461928170145,247.06920896869983,48.71810484581947,65.23899388551717,14.628360383669435,225.54861837630418,48.31461928170145
209,123.60183923705722,127.42474544672308,116.51552416463502,63.84560813480358,62.484615642978845,63.524570523617534,51.847698264735406,31.398549165830108,128.11047373201396,36.50395995030738,27.326083254678572,62.162422984948186,125.82434980998136,31.398549165830108
210,116.38076505697232,122.05705710797612,120.34307175800326,63.01795491295663,62.79722421746536,60.565041744862754,77.75084780249593,20.112011665762346,123.12706863809007,22.548550800534098,18.56562817943729,61.76527170222691,120.72652767566468,20.112011665762346
211,47.33568413294023,17.368222326454035,12.181399088716162,78.40180069156253,29.392607423945492,29.21394847219985,29.04858952023586,191.15284441168586,49.743858885017424,29.75907909331408,77.66527987770843,77.1783190952909,23.364816068748322,191.15284441168586
212,45.03849644003909,37.53997975708502,29.038681418400113,63.71904685488422,57.41344595522239,46.74244948079777,27.47504886220857,139.09149448555075,45.11805807622505,43.028290825200706,73.83408306539903,63.66748923339534,38.52037066382801,139.09149448555075
213,175.52756283068783,169.22385912698414,148.65659722222222,25.39540486335988,25.35435054298007,32.356735738950974,26.972767857142856,40.13683862433862,175.93771494708994,12.844017499473264,28.173195191658678,25.182979304093283,169.0790702248677,40.13683862433862
214,77.74917782475922,40.00564756088012,34.60758750293634,75.94538379452752,54.9395195812039,50.7693761362841,18.312064442878395,164.21612442251978,77.75125283846214,45.49814323243535,82.9653833992142,75.94352583954219,47.640182158797266,164.21612442251978
215,76.01158154700413,62.09113910769628,63.04355388042355,77.49143157053028,72.85593911332096,73.33577822156066,56.68398921745868,85.4181099883781,78.72264817923553,68.10158096012736,73.68709059288105,78.92754713228119,65.11938951688403,85.4181099883781
216,224.40615327242216,196.15749114301695,162.36682360619056,42.35969891636284,47.918002099804916,84.22849903015288,45.49859220585493,81.90448443035615,230.44579526384487,43.32238949051605,87.31363245499688,30.762389261572537,199.72347051556963,81.90448443035615
217,74.35459719652545,73.47298441468845,76.26135971651667,82.03743040377864,83.48706626854376,81.64957798906983,104.2609990905955,43.36876352347204,76.60023048700178,49.48115801094684,46.889014695592664,81.91329684078744,73.861735988899,43.36876352347204
218,130.87168523176427,83.92717690741406,85.38344113067433,65.88459654464546,67.9242284997931,70.06829703893985,91.48302790753384,118.23492034974248,135.6524014852078,71.00763721224061,85.09499520679117,65.8930005658995,94.01272165409031,118.23492034974248
219,42.404865954444666,48.82621447288853,50.09327554928442,21.548726025807728,22.809746945024298,24.21670664654504,92.38736343479137,41.52214472888531,50.35989316670026,8.360413311940153,8.036955025097125,24.094605439325775,47.55251758758314,41.52214472888531
220,107.54210203212308,72.19319577037761,68.50083314540579,64.30165281518106,73.04672844233407,74.533213891505,30.81340675035706,121.45830827632865,107.91319940364329,59.28797233210532,81.32575677381456,64.5839854344243,79.44178466010175,121.45830827632865
221,123.37358316896778,54.42260355029586,89.01007232084154,63.80961287029046,60.9651055004904,44.243701607653286,122.26257725180803,171.62921104536488,124.27973701512163,64.44047374190131,63.86387528825463,63.02380699535954,71.57879706245889,171.62921104536488
222,79.34567198177676,77.96910064962456,82.64077308135775,87.85901072796302,88.46685145960896,86.28807244128997,109.60199949379904,37.20315531932844,82.80225821873506,46.23716149687327,32.009647740451314,86.38519335217283,78.59905446441125,37.20315531932844
223,215.7636637572735,143.0843897201441,138.71789709753395,33.115153251707056,66.51354079834255,69.38762994953461,67.27487271404821,112.50248077722361,218.08663237738986,72.72134258180263,63.080758550816604,29.72321740039178,158.22074261308535,112.50248077722361
224,52.759270826985194,60.46831007374002,58.4892284721799,64.08029210283601,66.92907422315162,65.67060491617032,71.08413066000365,87.71165975988787,62.43005362910598,39.76880333616206,82.78659893266558,66.76500339649779,58.6864786382473,87.71165975988787
225,62.29667703619909,80.15578337104073,159.78856052036198,72.03295543583776,63.03073757433765,36.16698353137186,111.21621889140272,172.8891968325792,161.69031391402714,20.218564225068857,74.19837222598039,36.39060509542517,82.1084238744344,172.8891968325792
226,170.77165578860655,167.01243584056778,163.42982067042647,61.26780407428502,60.24681945241908,59.240849110282106,14.669887839807362,16.360623534630253,170.77800836448895,10.72413554771891,34.01735607012631,61.256489374714135,167.5529811862366,16.360623534630253
227,62.92865018781049,69.44372955288986,50.87403974312371,57.69989853548248,56.71312101265896,57.71621412213595,41.05876045074518,108.91620016963529,70.46828426026899,12.830694607653037,58.40056534174128,57.52811117598364,66.71789207560886,108.91620016963529
228,84.50888081875206,93.01158798283262,65.84717728623308,51.50454249249048,50.48029172373025,54.53837899330496,39.20166721690327,91.20699900957412,93.01627599867943,5.058468365576,37.45566020272347,50.4908282405069,89.2426419874546,91.20699900957412
229,142.98510756612103,169.83684356862335,142.08513189448442,79.96184959442141,70.68248162723557,79.12511445277447,64.79803982900636,60.90108782539186,170.5638445765127,31.20319727235034,46.197503482860256,69.6981915293531,162.1244909116185,60.90108782539186
230,129.35763888888889,171.88611111111112,173.26289682539684,52.261029928495596,42.237324640808055,42.578376986992396,90.72708333333334,71.41478174603175,173.8342261904762,4.563487404026001,29.514028137426592,42.23030440707109,162.9439618452381,71.41478174603175
231,122.7997606981982,99.94149674227799,101.092508244852,94.34428165441713,75.17019273510137,73.03615774958054,61.75957709942085,104.283959740991,131.55110300032175,44.555947197890035,86.48917669348931,87.85472815054993,104.88426668979245,104.283959740991
232,189.4796198314717,197.88084460121496,217.71420732902214,42.97522159190651,34.61342432008895,24.401699439220007,97.71658828140309,41.80760337056633,221.84867724867726,26.17167940767862,51.10406631342674,13.863785062788567,197.5267130041153,41.80760337056633
233,54.263091147111766,43.21561528391425,30.9120029455081,55.92609000270897,41.4088282013002,42.879916427048485,30.69305351006382,117.5534282441499,56.365958926525934,12.301729766508434,48.66027053562907,55.239978241659884,44.67598784159712,117.5534282441499
234,36.37398805676116,24.795725982700773,19.787114845938376,47.858304259183285,38.93241210958194,32.263043367274726,25.10628866931388,151.06878135869732,36.39889032536092,48.8855389446919,66.68039473918702,47.84099964424345,26.895642775571766,151.06878135869732
235,45.303502027712064,44.54556015545793,40.77948631294356,62.13697204238268,63.04489101030674,61.89457696978659,51.16156218316999,82.41851132139236,47.59418300101385,43.537873277058786,75.41418270259761,63.62455486584717,44.434788066069615,82.41851132139236
236,115.35775206087509,107.90737159162968,114.05361445783133,68.19567058481879,70.58242187638706,66.68822830991577,111.121337983513,39.592501585288524,119.2564362714014,55.717900933634276,42.761087007187705,66.88762852119434,109.935081214331,39.592501585288524
237,70.03538171198721,59.10980246301347,56.713578257156236,65.02267228130458,64.34496705498357,63.68053568016688,49.998167892663304,81.54625726644075,70.4070928726892,67.3891278520828,51.489964315008,64.81780334515709,61.259573223682395,81.54625726644075
238,150.67556561085973,118.19307692307693,114.23108597285068,44.093762605363814,45.36873020680501,43.51790750347881,79.4835294117647,67.13122171945702,150.80660633484163,80.84627695787913,32.87893427898572,44.013696672943325,124.8127982714932,67.13122171945702
239,73.78736617597859,51.6648962863834,46.802222733355634,68.55389100580699,63.18240599630422,63.60724901004294,29.811475409836067,108.00918994647039,73.79939988290398,56.52382262272312,57.125877611452616,68.56937204828208,56.01704835438274,108.00918994647039
240,202.74872311827957,115.75493578255676,85.41471027479092,37.98034367912347,65.03638320022596,37.64201581604261,13.12206541218638,146.69014336917562,202.8747759856631,22.41634048554784,43.41042393059811,37.55941171733984,132.05925068847074,146.69014336917562
241,76.8615705128205,76.43163461538461,76.90089743589743,89.07972680864692,89.09772943389794,88.80249938278844,44.12426282051282,32.54285256410257,79.04493589743589,51.417775171851304,39.68316212154614,88.1567046986713,76.55691976282051,32.54285256410257
242,97.30241557223265,91.54661116322701,93.50694770168856,71.23915034590628,73.31781575727864,72.8469202564354,113.85738156660413,24.889774859287055,97.38816252345215,75.46820071231305,20.12647011506691,71.28089611470365,92.91183147865853,24.889774859287055
243,109.55147,92.034405,94.096855,77.91274325063343,87.86048617720992,85.27887906220852,120.821175,80.257225,110.080905,71.32915916103482,70.21699352933773,78.26883217080393,95.90744190899996,80.257225
244,107.48840097884121,96.80929899149693,74.72596771801463,60.93594519718636,59.24580938300204,57.69079891203861,20.61052130709907,94.23253658295432,107.49551364445324,4.249560375794995,47.2369499667569,60.94870844364554,97.48525955606088,94.23253658295432
245,173.2544656867873,165.86135121351606,160.33556726645045,87.46017664334663,93.58520563020055,96.84744038771468,16.940726671199915,38.09074563238833,173.3497914269275,27.472516099697465,41.39227000409897,87.5449611438168,167.03416574955534,38.09074563238833
246,117.63413814180929,111.90683286762138,108.44952846664339,101.9606506405187,101.63637369404427,101.82207409793882,9.292547153335661,25.238779252532307,117.68970922109675,25.669856688882202,47.34021404754184,101.95784497631375,112.87484059116314,25.238779252532307
247,59.736329537237886,73.80921456977585,56.36384219088937,62.109388388017685,58.36250770595933,62.84440342934652,53.94370028922632,81.6117136659436,73.84548083875633,13.40543703608799,33.52978384553046,58.435799815809254,69.55776332610269,81.6117136659436
248,81.09977733581218,69.17244584720481,81.24327683860089,98.7066377980801,99.43925996855468,92.93162513969241,101.4558779022007,129.09709671840545,91.02130442301872,52.94976018217962,84.76899154311448,92.88142709387633,72.57971051926154,129.09709671840545
249,102.43418803418804,104.14764957264957,90.43925518925519,77.38505756272725,76.76882762132999,82.27684495683496,37.407112332112334,65.68510378510379,105.60595238095237,19.189091311498363,49.35905969970957,76.24227382127538,102.79362157509158,65.68510378510379
250,73.74036231884058,62.29175724637681,79.15771739130435,93.23123882380521,84.52034874718348,67.60388261087445,97.19753623188406,175.32811594202897,98.35302536231885,48.60358616535034,85.70919711654798,81.98338926787544,65.94345300724638,175.32811594202897
251,127.15357453281182,86.26246468926554,60.39739787049109,66.07357740155426,62.13277228690163,42.30579655779198,29.752572251195133,145.52252553237722,128.30576379834855,46.49564854612128,55.383032157587905,64.91903731020648,93.08845681768797,145.52252553237722
252,131.15863787375415,112.21832318198597,99.86503322259136,57.716211458371795,68.93460198924225,86.21972754840203,46.23694167589517,104.8233896271687,136.15432355112588,52.377232270714295,62.377857587388135,64.9308212827972,115.3531265503876,104.8233896271687
253,150.9230903103162,124.97306487456157,126.02433130739779,76.70190424861879,75.90380419353552,74.65144871051828,110.88547216792954,49.52296580899087,151.88924402259767,74.08895825805563,38.36250330088981,76.2172899171124,130.56594171865376,49.52296580899087
254,178.84694703444703,115.57543382543382,117.15238927738928,29.10243006308784,45.54401417723279,46.416135946878455,126.15873478373479,93.23384485884486,178.87423918673917,79.73207606571019,44.01044152591005,29.158376545293287,129.14081371730123,93.23384485884486
255,42.69074278698588,36.67200122774708,26.62292203806016,61.6097695927123,55.28416638406004,40.853402412779765,32.17561080417434,106.56123388581952,42.93537753222836,45.014883515189396,74.58680525033006,61.46038589607959,37.22604216574585,106.56123388581952
256,52.573185341789994,54.194335799859054,57.58949964763918,89.05694021757252,88.585187704265,87.58725945424692,82.38784355179703,83.952862931642,57.729519027484145,47.800223286420476,71.713058765312,87.56567141348158,54.094810042283285,83.952862931642
257,99.7447534536321,108.68186925771697,108.71162171987574,41.08511243321184,39.66192904647416,38.561034075514364,88.1963943419922,27.207093991671623,109.84033974486087,10.64842954192551,14.991689754392329,39.00412082902905,106.78398656553637,27.207093991671623
258,109.34696649029982,109.11,126.24671957671957,71.07365553687423,87.61907120585168,102.40849588251287,83.62638447971781,124.60402116402116,140.7227572016461,54.23868277268908,85.3137768474787,93.86574782933123,110.39765022927692,124.60402116402116
259,84.22802001740644,75.04486945169712,67.78660574412532,77.00705903294526,77.30091947206135,79.34821302484292,19.27962140992167,69.55889904264578,84.30869016536118,23.444819700460577,56.100594282554496,77.14403439569593,76.47316062228025,69.55889904264578
260,57.8199975111996,40.663763066202094,37.997428239588515,68.32267640371911,56.67300096726149,56.862475908465335,25.19304795088767,71.64271196283391,57.85853243736519,45.36355892818804,61.609135872925336,68.31151683797981,44.118669134727064,71.64271196283391
261,78.98570808531746,62.45917038690476,44.142206101190474,50.84754583085553,47.485315917494255,39.89781120789286,15.341796875,118.33553447420636,78.9867931547619,7.736632996621647,40.040758279664864,50.84597092796179,64.65022748015872,118.33553447420636
262,68.64706873315365,49.24314914645103,34.537230458221025,36.66043463766818,33.70740728928441,27.480910343363682,12.534029649595688,133.9773135669362,68.64706873315365,5.178807385511526,33.14778673832188,36.66043463766818,52.306655121293794,133.9773135669362
263,150.01134751773048,124.14214893617022,76.98838297872341,74.45726280699171,50.42406958664949,41.932711969673754,36.858163120567376,128.77883687943262,158.06599290780142,35.32441789076381,51.77909592506435,70.75647953869534,126.23743865248228,128.77883687943262
264,115.91200390370852,108.93194715535314,115.01863297910793,74.93866254275049,77.03792052900117,76.54682294260549,95.01753957926697,70.35192113062965,126.75534952649461,44.89211415717455,81.69819538818452,71.20626109714205,110.85536593652859,70.35192113062965
265,59.48689015483494,54.36733128834356,62.11793382997371,80.13539778583178,80.30596026698859,79.61374505522834,73.46728016359918,138.37421486999708,73.56945661700263,56.21367450536494,100.33260286795785,75.65312798998394,56.01534300686533,138.37421486999708
266,206.34047523247497,188.4833132153076,227.8838742846924,16.64793288483072,84.7173407262471,41.685183222984726,115.76382555436338,82.4427195100143,236.04268374463518,27.050444236941182,65.8378381827506,28.723800027552144,195.12446636936693,82.4427195100143
267,169.32188140497527,132.64302937748664,117.00704798456778,72.08808382811736,68.77540353231285,63.38747204854785,59.73977213358518,91.06600389824378,169.36445062894344,70.80251684430738,39.067762238070486,72.13523302928421,139.31203546196198,91.06600389824378
268,46.87464698331194,45.42145378690629,44.23467586649551,70.45445646322922,69.95655394777192,69.31851944758526,19.374245827984595,41.08764441591784,46.928048780487806,42.08465482533706,70.34276926253855,70.44066474139228,45.64471729460848,41.08764441591784
269,39.673448773448776,37.77186147186147,37.025324675324676,51.92306442909203,52.050299394892306,52.020372931483855,40.862409812409815,57.50238095238095,40.16421356421356,52.70624205970989,66.14981189224022,51.855847791844546,38.122238975468974,57.50238095238095
270,69.78185185185185,55.104675925925925,30.519194444444445,81.58323597935946,67.69345444304332,38.926934430619774,57.700833333333335,118.11438888888888,71.15818518518519,44.90390974534031,59.48057190127308,80.5766171833441,56.44997176481482,118.11438888888888
271,121.86557416267942,161.64688995215312,204.8236244019139,64.87628356285973,52.121105087965894,35.05349096693513,105.19655502392345,111.0911961722488,204.8424880382775,7.434674201109046,61.86447496104339,35.07848921052591,156.30674244258373,111.0911961722488
272,43.87317889486809,51.83370521065757,79.59153650960319,78.32283436831656,77.84405750006952,74.08521422778023,108.6872839830249,171.70686223038894,79.63190707441922,28.408805390987368,91.66010567753602,74.17735358715838,52.145412735704596,171.70686223038894
273,132.52111500850341,109.1912680697279,109.50815795068027,70.38670593359926,63.60889986534545,55.877423391989794,66.33999255952381,118.29590773809524,148.0666932397959,55.224966849437266,57.224198173092596,64.88666745525495,114.17407297831636,118.29590773809524
274,120.22044278649629,106.35072749621244,57.645699339679275,103.30665457109203,86.57280680182247,33.81792094677822,42.98432095589286,89.45640739787898,121.21735557270674,34.357712833979754,65.71000401113501,102.39524987796305,105.78292593402509,89.45640739787898
275,37.497087585034016,44.84904336734694,53.49772534013606,56.78176977933678,62.151665881042554,73.73519535433438,92.19570578231293,58.723767006802724,53.76781462585034,35.884113579831414,54.90375519752574,73.64895506012859,43.91045240646258,58.723767006802724
276,19.070208139173655,39.583201304753025,21.867528735632185,27.144021972578535,54.63171669716887,30.555363234800552,60.9872165268717,138.42855700528114,39.73736408822616,29.89113920807173,78.37411945378742,54.53039012370556,33.943067398260325,138.42855700528114
277,16.39926492649265,38.68459345934593,32.152827782778274,27.22985126547397,47.019821512035165,26.020858306578294,88.88182568256826,191.91947944794478,43.08288328832883,20.13703301723334,51.72417634560127,44.92774511674823,33.47513913141314,191.91947944794478
278,180.00920841912605,150.46333790894533,63.21356668954473,91.29196253451501,77.01937142976712,34.133584216349135,24.575554792953557,155.85533440097612,180.122702661481,21.418201901427185,53.184202654409866,91.07695509577323,150.445356497369,155.85533440097612
279,130.44953465982027,131.27298620025675,105.18834242618742,89.99776743473393,82.64675682704524,70.40401663898346,54.92217586649551,72.26432124518614,140.2055118741977,38.20680764051844,63.36825766424276,89.06059578120292,129.21460912227215,72.26432124518614
280,152.40671299331322,180.38287771513484,196.3732927975176,43.932485646060144,49.4165496955093,52.11602636605994,101.8443523010358,62.70284297014991,196.61996033827194,9.638941340504413,27.140956099057338,51.92949752740414,175.58965306422363,62.70284297014991
281,40.94983134920635,44.12909722222222,38.263888888888886,46.99381621945992,49.47234848340128,44.9526852839875,44.12109126984127,72.41732142857143,44.477896825396826,28.125341966168786,54.93575928647596,49.25203693658158,43.02971725595237,72.41732142857143
282,151.9870765186916,163.62441588785046,156.43844918224298,59.304411257081746,54.809468457583115,55.52850768691755,69.45232184579439,23.663843457943926,163.64507885514018,15.936793016583483,15.971326196076516,54.82757043826691,160.6314907418224,23.663843457943926
283,190.91363866629825,159.6289490651193,113.64132587270885,66.75780295487137,65.47551687789314,44.49616722564548,41.2907571152252,146.66635580731327,212.8450538822879,44.19319351848119,41.76380511590006,31.372314597885232,162.9597676798379,146.66635580731327
284,184.90122332118688,162.0820048152004,129.954076652785,56.180675110945494,64.33762252574597,80.49770809509242,27.348955622071838,86.86585762623633,185.10762623633525,31.942726950988547,65.76955551731038,56.22762640599658,164.61373425624672,86.86585762623633
285,42.31065350578625,42.43007147719537,42.5424778761062,71.60370564811195,67.76135754976058,61.83299770149712,95.66262763784887,82.11541865214431,48.030428863172226,34.70244171572027,43.940590351531284,70.09830226776947,42.41279895847515,82.11541865214431
286,135.14016412292276,135.73025017852603,98.24462606359158,75.16427592429476,63.552205813409856,46.08474083193725,71.41592331247503,103.69996732065698,151.19217874390287,40.28766209053498,60.20327524899139,67.37213546166107,132.8983358220065,103.69996732065698
287,100.49491115756467,93.71628560229945,112.31245100600992,81.72992658205996,84.12263105990709,80.03415970579178,119.59871309119414,80.8558335510844,114.43220538280637,40.965542693576786,69.07560744552143,79.4040424824539,96.50006453749674,80.8558335510844
288,92.47429929764114,52.94256891068115,87.02980883912007,66.43258724736683,72.88135850780286,62.36481242948371,142.54541313278557,158.03713059899283,96.86468824542804,33.11589264903662,76.13812101636607,64.06185606244733,63.80811351378212,158.03713059899283
289,102.85579473380741,134.09531039784738,132.2380549682875,70.88436632267083,61.6889278559948,61.66432545834616,86.43122237170863,78.50960023063617,135.15106669229291,18.585458439583167,40.68854969398427,61.45101110340981,127.31969552565826,78.50960023063617
290,138.22217380320828,103.04325502084123,121.38234811165846,92.51784363217466,78.43532942187218,78.25392194324613,155.9718327649362,90.0154604016673,141.81886446886446,26.156794249295952,46.34007160825689,89.12760676872469,111.84637567512948,90.0154604016673
291,35.112645395540135,33.21670361801941,29.570062977957715,52.90165843387617,48.94761296076305,43.22579128763613,58.166787160208216,97.22689737163421,36.8650713321766,45.64763439560403,66.11289602170633,52.00760464122493,33.35649338570786,97.22689737163421
292,66.55465534979425,49.9320987654321,21.974922839506174,84.16630258916312,71.76327062994926,32.634714948417724,27.288880315500688,179.48735425240054,66.73298182441701,43.858607225867985,83.01044964895073,84.02947140007682,51.44754619341565,179.48735425240054
293,80.21340408805031,41.756082940251574,34.53967177672956,74.94295902928883,54.3636730715504,50.67690811180543,15.022140330188678,163.9828518081761,80.24620676100629,34.99519440249359,86.46354631607151,74.9099254398193,49.411084530267296,163.9828518081761
294,202.03760213180706,183.87054663846376,115.75043548587782,80.2733815837034,76.82237339327796,55.8382012062105,28.691178300360832,119.99178798058978,202.25374828916262,24.103155885944037,46.92378437560357,79.77595310778912,182.81459061113188,119.99178798058978
295,36.16532258064516,36.09720262096774,36.548613911290325,60.379907276499075,60.41443356100666,60.173952773045905,37.56499495967742,74.39027217741935,37.0961189516129,52.18778041694629,104.53353088243806,59.98867067986839,36.14427681955645,74.39027217741935
296,195.34674536381917,199.4705630446116,207.55307092673965,41.702830611975166,40.4376480508499,34.768181062282416,106.25108612000695,17.480319505474046,207.62726223281447,13.10804699715509,15.29988914298225,34.772474299270975,199.1773964747648,17.480319505474046
297,72.94403506884682,40.28956002581756,35.03311908347676,81.21133555362735,56.890615422484544,51.96323181931108,25.26929593373494,135.77560240963857,73.24260434595524,42.99024191591245,103.27972857755924,80.9511473014199,46.85238638392857,135.77560240963857
298,111.77369888475836,72.43227841909606,107.27800332615926,86.41629347877452,52.54151433670466,47.44030837733341,97.73840735668166,182.23047104284876,156.6220896106437,54.52769764383235,34.685213983336055,61.447582805292065,83.31212574838582,182.23047104284876
299,208.25399925595238,133.95191592261904,91.07784598214286,40.32488350467577,63.650017987868274,69.46866164442747,12.12593005952381,149.97271825396825,208.25902157738096,10.713173575027895,69.69211405290767,40.32937572617749,146.65303098958333,149.97271825396825
300,60.55621428571428,51.188892857142854,107.86771428571429,74.00194918251243,76.17644694712355,60.39751946589392,119.63435714285714,168.40664285714286,107.86889285714285,26.463573716947945,87.25007940324849,60.39992067925158,57.272596300000004,168.40664285714286
