image_name,mean_r,mean_g,mean_b,std_r,std_g,std_b,mean_h,mean_s,mean_v,std_h,std_s,std_v,mean_luminance,mean_saturation,dominant_rgb_0,dominant_rgb_1,dominant_rgb_2,dominant_hsv_0,dominant_hsv_1,dominant_hsv_2,warm_percentage,cold_percentage,unique_colors,quantized_colors,luminance_std,contrast_text_vs_background,bright_dark_ratio
100_aug_49,136.75249122141028,99.15336433519977,192.1120134492062,85.94861996839647,65.3662435486967,48.83327128504057,132.07847177971502,146.85623449341776,206.36863298038205,17.427656297403416,64.46698817039996,46.37511357874636,113.85855317723937,146.85623449341776,48,53,169,119,183,169,21.83055627109912,77.97150178283329,41852,16,62.27958050476588,1.3188143677288393,0.3948263940671647
110_aug_130,152.67104440275173,97.28576888332987,96.32560859796632,72.0634636275423,94.99214648821527,95.42766179982938,26.231742061010355,129.4056238852987,152.78407801172028,54.75585308510418,88.97499591045693,72.21697936026241,108.9913548861557,129.4056238852987,154,58,57,0,161,154,83.76473722002177,1.3353253190651564,38385,16,86.57892907454965,2.369238157996499,0.30943529520765295
118_aug_112,49.80938522278624,56.67869148336153,68.17642413987592,46.23010021322502,47.34963517188178,52.66122578146073,95.27794698251552,112.44041737168641,72.96553863508178,37.96140638006156,56.56669650774973,54.71964991746401,56.04841327016356,112.44041737168641,18,21,29,112,97,29,17.91765369430344,76.57529610829104,50005,16,46.54726794635514,2.4872580356047633,0.09622109419063733
122_aug_80,214.8924043933855,168.359405150585,116.57363561605915,18.816072333974887,53.564868688848776,52.24296092286083,17.909860691575545,120.13435813093852,214.8924695288265,5.728193326967873,56.15463995078787,18.815334269743534,174.51338822921164,120.13435813093852,224,202,150,21,84,224,99.97842388516621,0.0,48828,16,41.99190898490565,1.5522167510717306,0.7563120313301471
123_aug_69,189.14847113122974,170.55154662051214,124.08274530688324,76.28937555814953,69.17416705383327,53.23099824918588,22.280366573470022,93.72205210136245,189.1614299028092,12.559868231087128,44.001048556831805,76.2585287944664,171.15020531664666,93.72205210136245,225,203,147,22,88,225,95.21146762526072,0.37722451515554967,16807,16,69.14954943292601,0.0,0.8164247991834199
125_aug_101,190.27212598633517,162.0443842556766,72.86577574061948,83.4524216015493,93.41687187825363,27.347554931060422,57.76669246185289,177.0054169891065,197.21937813758757,56.52339423873727,21.673071712286326,74.30327282287404,161.60690661282743,177.0054169891065,248,230,78,27,175,248,87.09843839911106,11.308543497959535,83138,16,79.81997706935333,3.0715687219958334,0.6468176015768135
125_aug_105,192.3217662804855,164.64714691146963,72.73206293721127,83.03289524245015,92.70156323601914,27.27911584699625,56.0316934419901,177.21080741705447,199.07675404175168,55.42336447378185,21.853270195713478,73.88798117064144,163.89450192638094,177.21080741705447,248,230,78,27,175,248,87.51903685195163,10.746329440412001,68088,16,79.31901548128158,2.597972370381878,0.6596910833294447
127_aug_157,14.433774334725086,16.8696949880108,19.514009759042207,30.57465660371634,33.40380641596527,31.56417680676313,106.12958398309775,126.80102956218455,20.06427218002247,27.127161067805826,47.380388374896,33.15601915887659,16.542737783590724,126.80102956218455,4,5,9,114,142,9,6.054965876888509,83.85230645404698,8260,16,32.24305103597756,3.005655274979392,0.019853446685782317
127_aug_37,14.261726328603492,16.654924487389202,19.309202267280405,30.328675518581584,33.131229244893305,31.309299231353048,106.19745501578727,127.04123711340206,19.86097690873816,27.16396283403983,47.366416045583186,32.889985534833265,16.337769414539505,127.04123711340206,4,5,9,114,142,9,6.118994179632518,83.96355613040667,7543,16,31.979671934414792,3.340924452963279,0.019344162513790085
127_aug_41,14.360473844710297,16.61550551254985,19.26213933849402,29.6966750257784,32.61905340244047,30.825634491429717,107.0269059347877,126.48519821721793,19.888036593947923,27.97098968766856,46.92511944178266,32.37964691128829,16.32717274220033,126.48519821721793,5,5,9,120,113,9,6.995073891625616,82.83603096410978,6771,16,31.42343886434772,3.7092962432423295,0.01834388927984987
128_aug_190,126.49899071306774,135.0950557999485,123.10673442507957,85.26326846457698,78.38431720536462,45.11809754897494,77.10939476364776,93.80753028793595,151.43653805254263,38.92646174801029,32.861062524189336,71.7938154605487,132.40197555921208,93.80753028793595,75,91,116,108,90,116,29.069329243948943,57.67748338687591,64684,16,75.4948980294365,1.721133561292523,0.3744174679397487
130_aug_176,128.77732240437157,133.92252146760345,138.38114754098362,89.41961884133342,86.52166859401086,84.7803809492665,90.54173636667782,39.6941470577302,138.48249135719863,32.73086692780185,40.242266951333576,84.88456136960164,133.15056494925838,39.6941470577302,227,228,230,110,3,230,1.119846845842162,75.88007880747928,19879,16,87.15894205503977,3.1461445036076947,0.49378275900524143
134_aug_144,95.1042246734509,96.16409725701489,93.55062572037924,71.45513120000065,73.50504192230727,75.0428683640714,38.686181586216904,48.92927484333035,101.70203608945981,36.98996512816024,34.21964608572776,71.86155326872144,95.75007570080406,48.92927484333035,49,44,40,13,47,49,55.632852304802896,17.528383968635953,75701,16,72.68971808597382,1.8466699112861755,0.2492067272811895
134_aug_44,95.23981830410044,96.28832481077792,93.6890112412328,71.89827057152148,73.9400184891561,75.47587924463001,38.584624171319376,48.960623658898506,101.81742604592571,37.060212023423304,34.154761336792184,72.2891933161051,95.8777418877371,48.960623658898506,49,44,40,13,47,49,55.95235553467916,17.527996327650445,76203,16,73.13056090132828,1.7725368544174078,0.2485801671773083
138_aug_129,39.77067808832849,36.864688271672385,29.726644959681824,47.75197823961328,39.277002166518095,21.848417038959177,69.30165424706628,83.7467275627718,43.265247700006555,45.77638346768449,48.51955449491252,46.2928664969438,36.96713497956775,83.7467275627718,22,23,22,60,11,23,36.699372828390985,43.05631432879527,16814,16,39.64634564200362,2.6373503218940884,0.06149341142020498
138_aug_61,39.51572741976675,36.64327062228654,29.44281518685622,48.450020800474896,39.823866410440786,22.015278744053802,68.76400357538095,82.04035072784541,42.927939048267646,45.06233115763145,48.231783719193224,47.01486201613414,36.73408205499276,82.04035072784541,22,22,22,0,0,22,35.7133736273091,42.56618711160296,16514,16,40.21579888459324,2.6470829521753,0.06452711330552481
138_aug_77,40.326850924234385,37.353193077572826,30.017070343960555,48.286724121571396,39.68247417096547,22.117938804547794,68.90490502288486,84.10248099475514,43.85007955683894,45.26957614808957,48.07889866582907,46.79951145095973,37.45572467440627,84.10248099475514,22,23,22,60,11,23,36.96741116152985,43.375174337517436,18392,16,40.07709475239371,2.272665742780741,0.0637436894729605
139_aug_103,47.2828621031746,41.06346106150794,33.00038752480159,66.47199002422414,55.82698416258565,36.70429426489256,89.20444258432539,94.24207899305556,51.49449714781746,45.615526611961066,51.622346890476386,64.56570468487693,41.803551813616075,94.24207899305556,17,17,20,120,38,20,25.668092757936506,67.33475942460318,18770,16,55.854913845531094,3.494452076961787,0.10346912202380952
139_aug_20,48.05233324804661,41.744198862406265,34.07662028380798,66.29803398798022,56.15456704736223,38.34419907538035,89.31527878919088,92.22094510815013,52.15975516148714,46.21925591752728,52.26241129643641,64.43133464214355,42.5317090594186,92.22094510815013,18,18,21,120,36,21,25.95996772225393,66.48231612509595,16061,16,56.15093436454552,3.4608654129399805,0.10523726111515676
139_aug_5,48.09973332433162,42.31126789089927,36.84563192006481,65.11524579446204,56.575667595528145,43.758306211535206,90.55974885228193,86.69830205238995,52.22029435592763,46.24612377817556,53.055107699106195,63.277449044843046,43.14727672495273,86.69830205238995,18,18,21,120,36,21,24.28267620847961,67.17188765865515,17760,16,56.63604238195336,3.692214445456912,0.10624831217931408
139_aug_6,50.62956791058594,45.114342944671684,41.017758252116685,66.35307156843967,58.9808856734352,49.22151801566138,92.93283845881938,79.86096382702958,54.85268225353061,45.189651441175215,54.03709467476236,64.4369923688408,45.99110635762258,79.86096382702958,19,19,23,120,44,23,21.552290057062063,69.29758117456952,16754,16,59.04279991225597,3.4794757060825905,0.11781043276271272
139_aug_71,48.03463203463203,41.72951223693798,34.051990913377054,66.30566471601875,56.15620293200131,38.32098423465772,89.31078822167932,92.26118683296902,52.143917963224894,46.178987710259776,52.26288348219139,64.43877886600065,42.515663666366635,92.26118683296902,18,18,21,120,36,21,26.06939265355107,66.54879773691655,25435,16,56.1545311062996,3.400953690244726,0.10458188676010458
139_aug_99,47.73865497076024,41.527992202729045,35.03292397660819,64.97753685133988,55.643291447427735,40.38612595215421,90.00167641325537,90.08469785575049,51.825341130604286,46.513453136978626,52.90560702915336,63.15304364145742,42.379435181286546,90.08469785575049,18,18,21,120,36,21,25.725146198830412,66.49122807017544,16376,16,55.65386260767821,3.635089439197465,0.10354775828460039
142_aug_107,239.88446904185403,239.8891732964372,237.9639801683385,31.12865230165187,31.408025923304155,30.80051964721838,33.051700680272106,2.213928283177678,240.03608901187593,25.840950738843407,0.9549085182704888,31.166651105684384,239.74917422806405,2.213928283177678,251,251,249,30,2,251,10.273261847111726,0.06226219301279834,1466,16,31.29386392794213,1.116041699081998,0.9970252507782774
142_aug_119,239.49279372766057,239.4935547100196,237.58614089703678,31.45265384398692,31.72049668639942,31.125878730996995,32.67828894269572,2.1932895191975095,239.63791075752334,25.025999075933193,0.9432880768584935,31.487251139349755,239.35567764787262,2.1932895191975095,251,251,249,30,2,251,10.137207425343018,0.057650178715554015,1515,16,31.615992356059625,1.0726657450448052,0.9974864522080018
142_aug_155,239.79468838769293,239.81200588658064,237.89279236113487,31.063987144180615,31.281615294516396,30.748959888817698,31.735514562442248,2.1689311749204285,239.93350217324343,22.08726075672131,0.926435360864612,31.0904590915285,239.66975696977988,2.1689311749204285,251,251,249,30,2,251,8.771689653992265,0.08042711934015537,1611,16,31.20290703553923,1.0035314723732087,0.9977583079503063
142_aug_4,240.27078973882044,240.27900488258544,238.328993257382,30.762813731370564,31.045176933892787,30.439712979044195,33.010772688522046,2.2358624609263997,240.4252757756594,25.483615740463062,0.9582001916718424,30.800895509357346,240.13646750368127,2.2358624609263997,251,251,249,30,2,251,10.230179028132993,0.07491797773127695,1423,16,30.931872875339646,0.0,0.9971841173887209
144_aug_73,140.34237108407302,103.98699185505471,121.00436956660846,92.0701309748417,78.93463655780543,80.049523028307,158.19694130337408,87.84379256442368,142.07846023054492,25.06369954568013,44.472381511828885,90.33148936527009,112.94480014991817,87.84379256442368,207,143,167,169,79,207,80.25742049308457,15.650910021665007,34137,16,82.06543884637608,3.386716212954777,0.5218432623659649
154_aug_38,39.82834962223608,30.835197892839815,26.100069314479796,75.09895540922672,55.3906893361512,19.879192269646722,102.18854231648992,174.22295002426006,48.94524156096208,45.615684967475524,53.72383292332931,71.02232860921137,32.40526566715187,174.22295002426006,8,7,18,123,156,18,27.09087128301102,71.31974769529354,18707,16,57.01351546033587,4.210103067850069,0.12825258196437236
154_aug_74,40.283073340653516,31.25936162962402,26.275519669834537,75.3484181475384,55.59372310680753,20.104520214987605,101.88065578736132,173.13081670516073,49.2291280148423,46.507361565212854,54.57768045202971,71.29705276878177,32.81796934989209,173.13081670516073,9,8,18,123,142,18,28.541138162129414,69.72189617962212,15144,16,57.236242061751824,4.2846529210619195,0.12983226685850593
154_aug_82,40.306611174894755,31.264494833524683,26.26983352468427,75.28956024606434,55.513784954219986,19.975589026525945,101.91902985074627,172.82219670876387,49.24402028319939,46.52416378833246,54.68963291319224,71.23824476263279,32.82623422120169,172.82219670876387,9,8,18,123,142,18,28.59548411787218,69.6220818982013,15137,16,57.159297287539985,4.366616290092498,0.1294297742058936
155_aug_58,81.27427421672894,39.4101370125515,37.53020983041104,56.246087245454056,69.64714676120036,69.94504236406966,15.068602088722812,189.6552074350867,81.27540480981125,46.24869606380433,86.95333010480842,56.24952720477876,48.17472183960908,189.6552074350867,56,8,6,1,228,56,99.83903420523139,0.0,12528,16,65.51449282478978,2.8572253006563155,0.14498419085944236
15_aug_193,49.51568467918729,38.85393736675179,41.77177360423682,53.27056223920444,50.88088599899559,52.88521197737813,50.66560068102545,122.9814074023851,58.8671887359595,63.40182226826903,71.21542718069384,57.56778665776183,41.331292621722,122.9814074023851,25,13,15,175,122,25,70.7784331894441,19.55386805885145,102401,16,50.083470761587506,2.3578759374730462,0.0728448633052335
163_aug_128,170.72240993510852,95.54528977399866,115.76937793689864,48.84167453210069,73.21663338779726,57.4710497705594,129.5185388230029,130.32240993510854,170.72717610203625,67.14138406401376,66.95136000351333,48.843516507567095,112.988124685612,130.32240993510854,130,40,73,169,177,130,98.79055717162676,0.11300067129111659,54272,16,61.8701119866136,1.5392333006855141,0.3300290892817185
165_aug_159,62.71985353792726,43.0244984240228,50.78410056055716,65.02874100686878,50.75755837506389,50.573447014747224,93.85633127606968,84.82628390238378,67.75344921956099,62.41732268483769,62.73433116471103,63.14796768807999,47.77197419549667,84.82628390238378,35,27,37,144,69,37,33.101183398448555,42.86091765283204,24355,16,51.79671112200034,3.677384428637694,0.06811618821131306
165_aug_187,65.80860185138349,44.426399919065204,52.93618797106581,65.46626254455282,51.39879266671496,51.12758943261603,95.072196368051,86.89708634731144,70.78693914714958,62.90825635861854,63.50072624710372,63.51070497005432,49.58666274723051,86.89708634731144,37,28,39,145,72,39,34.120339926147,41.71556477312965,32205,16,52.25793633811284,3.9510735361933285,0.0713617279579139
171_aug_140,112.40374343757134,79.7139465875371,61.10308148824469,53.542803742399,64.02537786810211,69.90219574981768,11.036384387126226,147.60976945902763,112.40388039260444,5.105005584697127,69.41267360002533,53.54307597359673,85.32009293768546,147.60976945902763,83,45,23,11,184,83,99.94978315453092,0.009130335539831088,7572,16,61.49868205528487,2.319340942255158,0.22250627710568363
171_aug_160,109.19055293136982,77.65968324534593,60.0588496804668,54.6308359380289,64.83674751907311,70.2271939936828,10.951819949986108,147.74542928591276,109.19055293136982,4.447422010491455,69.62038805939304,54.6308359380289,83.09236595721033,147.74542928591276,79,42,21,11,187,79,99.98888580161156,0.0,5992,16,62.36188996475922,2.42947961492524,0.22278410669630452
171_aug_36,108.69138740797156,76.15930439197766,57.92539350088855,53.50160261202487,63.55658471710723,68.95969568777782,10.925806042142677,150.9494160954557,108.69148260979944,4.30339955522009,68.50511369211091,53.50180037979658,81.75913687484132,150.9494160954557,81,43,21,11,189,81,99.97143945163747,0.0031733942625031737,9436,16,61.109097967638625,2.402022078463414,0.20773038842345773
172_aug_170,72.06952081927287,52.027653393585496,60.637131371225685,36.84318194840842,42.179156172155025,42.469999006059645,154.56289210364153,88.93331377094398,73.74972857184777,35.75503271303853,33.00214701303784,39.5643926674085,56.91015871827225,88.93331377094398,53,32,39,170,101,53,84.36339094456997,14.682355702925557,43088,16,40.15577705968907,1.6607569186662772,0.08132867748466797
174_aug_117,211.02267427696378,221.64352254666528,229.1286325827446,24.952003761473712,27.151533472608232,35.63431463709922,97.57515168389425,42.48204155500644,239.5429703360828,34.04889691355951,26.773480656584024,14.983860266677997,219.9259551491316,42.48204155500644,215,232,244,102,30,244,15.456675831506168,72.88541630413346,37539,16,22.83226613782949,0.0,1.0
180_aug_182,60.61826562254908,62.076897088456384,63.90777899779191,25.456718654433423,23.31192744716338,19.044602648214322,87.61685389191211,31.159404901239185,66.09561156895158,39.566438018420534,20.287547966806553,23.17807148194453,61.898981712658504,31.159404901239185,42,45,50,109,41,50,16.06597729164907,68.01887133945486,16301,16,23.390243984678364,1.5507614710918727,0.027365855424303486
187_aug_52,81.15655289668541,87.29189309435282,98.54756570375314,64.31951307845343,65.16776142965399,62.92919965581308,106.40302539168017,60.42270473829726,99.2093145199733,26.44805890559978,40.58079093166947,63.033074061558395,86.8001793307274,60.42270473829726,49,52,64,114,60,64,3.785712015762545,80.94352814059174,60632,16,64.36829076393941,1.8937147550402826,0.18787142085359265
189_aug_133,93.31769488900362,51.4194114610222,51.49121063500258,53.927064424970865,16.682286831339763,14.671270560031445,77.88677077955602,108.50851832731027,96.14652813629324,73.6783103295055,55.194052513462616,51.68840505036256,60.33217041817243,108.50851832731027,49,39,46,159,52,49,72.90268456375838,22.33737738771296,50819,16,24.019537287523825,0.0,0.0005937016004130098
193_aug_47,121.84150943396226,139.98504043126684,133.22520215633423,41.304629944649776,38.6695366486464,41.81535700950646,76.43086253369272,38.309838274932616,140.7977088948787,13.952960696355593,16.526881972612035,38.93163778505656,135.63966541778976,38.309838274932616,118,139,133,81,39,139,0.0,19.35309973045822,6561,16,39.6411116372257,1.1657846519475008,0.5129380053908356
193_aug_79,122.10006518904824,140.53954802259886,135.03259452411996,41.53708076715559,38.73819878130133,41.28386987621164,78.28324641460235,38.73652759669709,141.49228596262495,13.477598136194995,16.993217961737844,39.02177994829075,136.22171192959584,38.73652759669709,119,140,136,84,38,140,0.0,21.773142112125164,7908,16,39.692291335919215,1.1429267252071944,0.5182529335071708
196_aug_165,44.68721518987342,55.20246835443038,62.118291139240505,77.23105241288529,74.06821748907129,71.61611175498632,100.67158227848101,146.6826582278481,62.12981012658228,11.608870572859539,81.21410398819087,71.63659112008051,53.46624793670886,146.6826582278481,9,21,29,102,176,29,0.012658227848101267,93.56962025316456,6423,16,74.68683938705523,4.069845478824492,0.15746835443037974
197_aug_115,58.156235853327296,60.717632412856496,60.88314848347669,72.72995782411677,72.2417556851382,72.22857737199142,83.71972612041648,42.19946808510638,62.107797645993664,39.58288831969567,37.550497066709426,71.8655587597195,60.18502976459936,42.19946808510638,22,25,25,90,31,25,9.455636034404707,39.41828881846989,7628,16,72.36630442484437,3.561007429135152,0.17513580805794476
197_aug_143,60.90658442330559,64.49468638525565,63.68055142687277,73.44242761271487,72.47210891820316,72.86913303464198,78.1005127824019,41.57769768133175,65.33702437574317,35.18145543485425,35.33136178209321,72.2991583371403,63.67307536414981,41.57769768133175,23,27,26,83,38,27,7.405618311533889,27.991230677764566,9422,16,72.78751771427869,3.3109258030210063,0.1849732461355529
197_aug_55,57.96488747496171,61.59302462589843,61.111405679274185,71.70702993867265,70.75070476970838,71.02715827699735,82.13667962766584,43.377930953222574,62.60957935666313,35.332627115720534,35.67042475067039,70.53655298553635,60.78690977966301,43.377930953222574,23,27,26,83,38,27,7.158006362672323,32.3966065747614,7379,16,71.04510817887521,3.2898483199250768,0.17073170731707318
197_aug_95,57.944953762755105,61.44188456632653,61.02455357142857,72.01737201990899,71.1222548169647,71.35821782887936,81.9247050382653,43.210857780612244,62.49111128826531,36.320143896620976,35.650106711083836,70.88802554655403,60.668305779655604,43.210857780612244,22,26,26,90,39,26,7.60921556122449,33.25494260204081,9131,16,71.39356906443058,3.301717623731538,0.17155612244897958
199_aug_28,203.7730800542741,76.66002713704206,50.66607869742198,18.670623931083746,43.37999239311308,13.872503477646198,6.01506105834464,192.51253731343283,203.7730800542741,14.530006981402275,11.541670956160285,18.670623931083746,101.80749910990502,192.51253731343283,197,57,45,2,197,197,100.0,0.0,16180,16,31.36747023488519,1.4211107736196738,0.1775305291723202
19_aug_184,148.04209245155693,148.34743444519427,140.45385254988915,79.94822929397561,78.03041061203106,79.20078286263518,51.01620191844211,24.419912272245252,150.25042779330954,36.91536226731179,23.15727315182784,78.63857108978574,147.7126021245059,24.419912272245252,63,66,60,45,23,66,22.56278318712041,15.619878530801119,42769,16,78.63278123488352,2.245861320883644,0.5334100549503519
1_aug_33,150.19412878787878,143.96602049910874,171.78553921568627,69.64640027092683,72.77710208756281,59.436651464568726,101.84308155080214,49.82079991087344,171.96602049910874,47.92012753567406,37.406332449100105,59.571279276549916,147.29868557263816,49.82079991087344,114,104,148,127,76,148,3.0971479500891266,72.57687165775401,13349,16,70.07060872570842,1.3693394652815924,0.37987410873440286
201_aug_46,44.22102615694165,44.46526853428262,49.567149048134965,54.627479578398386,54.25169285866922,53.769138859271,124.02815353660424,75.08428261878966,51.654070577310016,34.39103723379884,41.23176995620966,53.52588442452245,44.78169837796007,75.08428261878966,27,27,32,120,40,32,29.063612443894133,66.31249032657483,15198,16,54.116494322995564,3.8416706881887084,0.08405045658566786
204_aug_186,43.55983611569742,35.41998410077662,33.70953341894454,68.10356990002866,70.5420465162572,70.93227798625271,9.547932081779082,148.10782934833568,43.568050714445874,25.271259984661835,68.4521842933835,68.12293991658342,37.02702209992051,148.10782934833568,17,8,6,5,165,17,95.88047045394322,0.12026335636682363,5209,16,69.82854575195874,6.959358457472735,0.11946839519761919
20_aug_163,81.92636118053248,81.48140069052194,80.15047021943573,89.86639600307876,89.56730821018417,89.10958561400086,24.870996634066714,29.69585975759502,82.1437383528596,39.797725420113025,51.95774938528184,89.76756537014325,81.47990611068573,29.69585975759502,9,9,8,30,28,9,34.729786342689565,1.5767880617713768,8501,16,89.59614489238568,5.802973709820684,0.38499487164670704
20_aug_2,78.88793425072319,78.23702181729703,77.34045256697937,89.89502486540896,89.74053189178878,89.28854649029505,26.619373327205384,32.52918975911758,79.04236394603801,45.46848417594261,52.610196703215465,89.82845496325437,78.31067350077048,32.52918975911758,8,7,7,0,32,8,37.22133607288654,2.534266944226662,8894,16,89.7260290646209,9.642044976533377,0.37444105004190437
210_aug_132,116.78187000091937,122.37475406821734,120.12361864484693,60.14898687370213,60.015070145874624,57.5514080263471,76.72738806656247,20.09076031994116,123.38381906775766,21.073352959048346,17.779625097931063,58.83849306588477,121.02317493794244,20.09076031994116,115,122,118,73,15,122,0.03677484600533235,28.667831203456835,11889,16,59.775108001190354,1.8947261339237549,0.33347430357635377
210_aug_172,117.53899582716382,123.26839413110783,121.86790954368017,59.668853257953415,59.318677712002575,57.235505764825014,79.38651231659712,18.847933773051555,124.3014806838067,21.168627207134026,13.56949532950818,58.37620928916568,121.94920906447705,18.847933773051555,110,118,115,79,17,118,0.13326154260331133,33.37865123165971,13960,16,59.18313741603325,1.8469155747308563,0.30328442589850585
212_aug_106,46.82314090263621,39.00802801491202,30.093020548924667,62.073929580253925,55.87574237856182,45.34083181030065,24.58217075660881,135.8646411503939,46.8860813376921,37.74330614355301,65.28789488862554,62.02997676552673,40.0258574757979,135.8646411503939,18,13,9,13,128,18,92.39699764214475,2.245449738441022,43646,16,56.470292332760884,2.949851544255003,0.1329211797922826
218_aug_126,128.77504564087818,82.01388285173569,83.41464654232732,66.72807506234992,67.53230380400818,69.42990728829342,92.88770672141342,119.68433899302514,133.44207119308265,70.83856453004717,83.78082520493133,66.6240824423623,92.05644119916808,119.68433899302514,60,22,27,176,162,60,65.93351478229468,31.5547322736179,65780,16,61.28344977752373,1.4525577527877949,0.2891658920534717
218_aug_15,140.96831256458037,94.219038955763,95.93996343757452,57.92243633581901,67.51465161768188,70.70985753702375,91.61442537820915,107.14271710044069,145.93251847992158,70.74360668606225,85.04759018099583,59.327109214351744,104.28218527258436,107.14271710044069,91,46,48,179,126,91,65.33281521844725,31.87466329891991,53731,16,58.59406871383985,1.2535136376944314,0.3505930354761505
220_aug_53,101.63548521449395,67.32426811409225,63.48057126734828,65.50826146029766,73.08614015657149,74.30613115078008,30.85929249909312,128.1417876959869,101.83345917695584,60.42781250917795,79.88251677209621,65.67921956157453,74.34131795730272,128.1417876959869,62,26,23,2,160,62,93.34094664857385,2.2745898886216764,83287,16,69.73663733140567,2.7748752659129767,0.1809407370584837
223_aug_30,215.33634216510256,142.9058342441488,138.98871845123682,32.83613036232387,66.17603237312561,69.40202631341687,68.51241221623387,112.44208155881356,217.64293207201095,72.82236972568742,63.16153307342018,29.539771370824187,158.02174446789533,112.44208155881356,198,87,80,2,152,198,78.55123808088041,11.502657068556138,118226,16,52.930379177915725,1.7341424087729163,0.7215228834533097
226_aug_149,170.08141693616002,166.41172595520422,162.87049347227213,59.54503480410063,58.505449953110286,57.48851319808537,15.145586297760211,17.19090609653851,170.08686669062163,10.257604208959629,34.18990211248227,59.53516541055007,166.93622527248772,17.19090609653851,195,191,187,15,10,195,93.96035453347706,0.1392382321236076,6437,16,58.75190234277516,1.1048318592872906,0.841837345789915
226_aug_57,170.31741939444163,166.54514064729986,162.96847904485674,59.07316108592695,58.04895122731075,57.02481175278262,15.072940165431303,17.306523640716357,170.32202323404385,10.230683572107178,33.9460587736258,59.0631069562459,167.0888921412458,17.306523640716357,195,191,187,15,10,195,94.27742737443027,0.15806515967650353,6178,16,58.29022486156017,1.091145881081661,0.8449119899329374
228_aug_196,82.85139271502908,91.0524334251607,64.35270890725437,49.76991767100039,48.8695684071472,52.894157916518346,39.05552494643404,90.7543005815733,91.05622895622895,4.508578626226994,34.28107042871962,48.87863060443359,87.38117205999386,90.7543005815733,57,65,38,39,106,65,0.19436792164064892,0.07652280379553107,20178,16,49.516912430509386,1.9879944170137542,0.12653810835629017
229_aug_146,142.6581631718707,168.2425602051094,141.71602417361046,79.99935814614756,71.01031937115673,79.07692842120265,65.43133412691145,59.4229466166102,168.87586301620732,29.808329435757894,43.5122275514077,70.25277213221116,160.88810149436864,59.4229466166102,112,154,109,58,75,154,3.0958703415438147,8.355461954033514,42273,16,74.02347088956174,1.9867348357591368,0.666990202362421
229_aug_162,142.75000835444223,168.6127415269247,141.77602742930472,79.41446780783113,70.39100207567125,78.50415809075977,65.27891138276044,59.48656271512689,169.2418176592858,29.71951472580661,43.228205537838136,69.6242058329314,161.17671369660678,59.48656271512689,112,155,109,58,76,155,3.1058474412014356,8.141905213840303,50092,16,73.41238968735524,2.0279932330967054,0.6730338655669993
229_aug_94,141.6227980565591,167.9996387193223,140.7111997010091,78.816403764854,69.74053078628532,77.9251407273935,65.25290893235331,59.79509156596487,168.66464432540178,29.513332318617266,42.39570391329405,68.8669158136984,160.4216970972966,59.79509156596487,111,154,108,58,76,154,2.7544537186993896,8.725551264482371,34065,16,72.77661876809307,1.8656057226573004,0.6638345583655164
22_aug_135,111.57964245312125,124.0504353638888,134.99136985362173,90.4474703415278,87.26111551702259,82.14885861844942,103.20232422611498,89.65776798875595,135.35782112371876,23.94744445799148,87.23841109850827,82.21931674183561,122.18908026121834,89.65776798875595,16,28,45,108,164,45,2.253093826060128,89.33444174008433,53582,16,87.28845193983587,3.4323294163562994,0.46777621610503584
22_aug_16,111.18396588152437,123.67260349010094,134.67804210032085,90.47415387034263,87.26656529719294,82.14753173834502,103.32890680021912,89.96984897096799,135.03570701932858,23.795733676825577,87.1200160536229,82.22196810488016,121.81211180217545,89.96984897096799,16,28,44,107,162,44,2.2059629078957665,89.47335472259175,57182,16,87.30147117648644,3.574355504945441,0.4667031849127475
238_aug_75,150.581726593712,118.15049504950495,113.76032655897168,42.58143002144363,43.12097700047988,41.33747513509698,79.48358520062533,66.6931735278791,150.678929998263,81.14847002708407,32.71916395203648,42.518901240394754,124.72840471078686,66.6931735278791,115,88,91,177,60,115,97.1235018238666,1.9940941462567312,21483,16,41.65598760726576,1.5469371003053471,0.4064616988014591
241_aug_125,76.74466644939707,76.34894331770664,76.85013412218908,83.90843041209266,83.93284491940587,83.61344782130611,46.13216676276668,32.09508887161874,78.91536513825866,51.67941461238285,37.239142037839386,82.92184148370782,76.46926003158765,32.09508887161874,26,25,26,150,10,26,26.563714307202485,33.006593296397504,7433,16,83.8647282462,3.9950097246183116,0.2501441500162952
242_aug_48,98.73880291492672,93.02538278883158,94.86678129861623,68.7766067144586,70.8805260630278,70.30003324300866,111.91079177925161,23.31364120199787,98.79714238925735,75.67382684308207,13.211058397381432,68.80823879724852,94.37300488004584,23.31364120199787,62,55,57,171,29,62,83.48071726848441,3.5494964382215675,5592,16,70.1731332045221,2.37049276414675,0.20965364775239498
244_aug_114,106.7214258409786,96.0772396114409,73.69972679438747,58.7051728841531,56.30648284111999,53.85035394165298,20.722803112070515,91.57493479042994,106.72597926785393,3.623226983773679,38.74338295719046,58.712994562151835,96.72453717844938,91.57493479042994,70,62,43,21,98,70,98.60642651556036,0.006745817593092283,47370,16,56.43445066751177,1.365805771186696,0.23977446483180428
244_aug_194,110.30095329264887,99.54762075704998,76.75914801962426,59.650601824979084,57.819208011766676,56.429414119294634,20.908659407283317,91.32337760759444,110.30538071875873,3.455603017679397,42.27141789986777,59.658188000327144,100.18845152247617,91.32337760759444,64,55,36,20,112,64,98.55131426748036,0.0,46775,16,57.86793567675006,1.434996156107134,0.23728610745482828
245_aug_60,173.7814785373609,166.41367544014602,161.04732085026203,86.31089092626618,92.66711117296227,96.02364773568858,17.36400518165224,37.07364717658835,173.87982394158865,27.73758016016913,38.45408202534956,86.40209237783236,167.59261957722427,37.07364717658835,252,252,251,30,1,252,56.35488429606077,0.8081611022787493,33543,16,91.10357707290791,1.5390765201941958,0.5929341105811694
246_aug_76,118.6949781019136,113.75158205397429,110.90772534218716,101.02133690823159,100.80547255101983,101.0023892134173,9.187930985555777,21.886574533897104,118.7442038650359,25.754653600157432,42.89513858524085,101.02368575902773,114.59722159917516,21.886574533897104,7,7,7,0,0,7,32.21005136354607,1.4567193545030601,33840,16,100.77678955327157,1.6201672976254913,0.42884777282745445
246_aug_88,114.97668515378794,108.6365556481508,104.70174430299721,100.31827370659336,99.68039501312875,99.74443857925054,10.232851518721802,28.140454227611905,115.03507284692088,27.00558274142958,48.343963053894655,100.31216504804576,109.70037380192916,28.140454227611905,6,6,6,0,0,6,33.81035853520695,1.8257229613877792,38298,16,99.71902229599722,1.837277735049117,0.3966876442809659
248_aug_183,81.01686316774988,69.16865345047194,81.36569885800756,96.82473374919508,97.70930999236154,90.99903626830333,106.96662203207158,129.1678151910034,90.98659873499025,48.75938180840619,81.41201212487988,90.83877914516634,72.56820951478929,129.1678151910034,17,10,28,132,164,28,16.317754771002754,69.30337372219864,22183,16,95.75729682957282,6.388775170545873,0.24100504044329774
249_aug_21,103.52967409948542,104.3610205831904,90.76136363636364,76.0443259813571,75.97323419615839,81.41887832295808,35.93533447684391,63.627915951972554,105.77285591766724,18.17180784983518,45.54008206955771,75.44481296621765,103.20238108919382,63.627915951972554,55,55,38,30,79,55,36.76243567753002,2.5128644939965694,12892,16,76.57512964062305,2.0277064420032382,0.2858490566037736
24_aug_45,77.94258638226734,75.5535716084071,58.6978659979657,65.0860857071287,70.14153370905646,67.80858244993705,27.834768422006707,131.98172150216018,82.75023414604671,20.608669114497115,80.69170509838311,67.18709180988901,74.84449420425591,131.98172150216018,26,17,7,16,186,26,65.69483468785563,0.12890621066094646,35070,16,67.83785700339631,2.269358015537409,0.26950461746074905
253_aug_141,150.72914203093129,125.59117760966667,126.87946864268932,76.67266638246862,76.09988153314976,74.72389787109964,112.68124499754718,48.44088714466448,151.84682812217602,72.23362903585468,37.37039124255859,76.05987536079908,131.02852345821177,48.44088714466448,169,120,121,179,74,169,64.0471456972451,15.186026696961092,50860,16,75.03821865375664,2.553984194660442,0.554434432366838
253_aug_145,150.9008701769977,124.96155669110568,126.05761682589055,75.90241460570148,75.05479922740028,73.79891153270367,112.08991705546916,49.17242464637488,151.87470191809228,73.50232518468309,37.11317070796616,75.4061785133953,130.55539027993782,49.17242464637488,170,121,122,179,74,170,66.12049174257572,13.738798785455083,44487,16,74.08705513917538,2.8355238219467482,0.5626749611197511
253_aug_173,151.02817466877642,125.13520534681057,126.33164631698274,75.92946953735282,75.19604888477785,73.92778748648982,112.671409678105,49.105793165340195,152.0272843209031,73.1162931311586,37.22797596796123,75.4169244916767,130.72643366270697,49.105793165340195,169,120,121,179,74,169,65.72349620952696,13.93831329853813,54652,16,74.1889704957859,3.028207582986248,0.5603098505065772
253_aug_181,148.99087011860803,122.8752202920443,123.5421527078438,76.53801789107348,74.79800042414323,73.56983486472484,109.15587585319459,49.49498923016672,149.82065080563947,75.43785710263869,36.68181947665891,76.12068182735932,128.47555996559245,49.49498923016672,170,123,123,0,71,170,68.08947353698109,12.878692514266532,46328,16,74.13248189171459,2.6006421928638352,0.5596851572115923
254_aug_147,178.96653713298792,115.30768296632124,116.85686528497409,29.76740689452916,46.056417404165884,46.960867470155776,123.88897884283247,93.37034488341969,178.98942141623488,80.77481499686256,45.25335840932447,29.80645950833287,128.9534063255613,93.37034488341969,172,113,116,178,87,172,98.20811744386873,0.46416234887737484,22112,16,38.82633921972907,1.4188498040937296,0.551341213298791
254_aug_167,178.82998538847596,115.43107807636109,117.00739470173433,28.0479981105848,44.60300490197289,45.50694422990803,126.00705164856109,93.32093259640429,178.85202973127502,79.965699644931,43.63672749618897,28.09791358958518,129.0234958312687,93.32093259640429,172,113,116,178,87,172,98.44609618194524,0.36211168286639983,22132,16,37.500105946765196,1.404855028707993,0.5777396607585287
254_aug_179,178.75431257547007,115.45237479155885,117.02886550514634,28.369974301028105,44.82398270813314,45.72499315592772,126.29394514404002,93.22349203611063,178.7778448622851,79.80063164836659,43.76069858088139,28.42102183968681,129.02418939393942,93.22349203611063,172,113,116,178,87,172,98.36553389684319,0.3751940658961532,20475,16,37.73716435887462,1.4056053061484939,0.569691219596343
260_aug_12,58.67568438003221,41.04883618796662,38.4457034109208,67.18168274709905,55.350246512005285,55.471895566008705,22.959537403015663,71.01373151807934,58.70537256624213,41.376763305854034,61.49257472255026,67.17682933262013,44.60835792709707,71.01373151807934,28,22,19,10,82,28,87.03850095154444,0.38061777192211976,8237,16,56.29805439389705,4.3445703448165025,0.08110086370955936
260_aug_123,58.2575716172519,40.83608871885959,38.21847246891652,66.78295209769321,55.05171238268155,55.205317989196395,22.938538962517647,71.03124288381838,58.284966070045996,41.53722274598454,61.18165386873441,66.77709416764057,44.3509040898119,71.03124288381838,28,22,19,10,82,28,86.94266065491642,0.36890285558136354,9574,16,56.002103753665374,4.4639633277174156,0.07986063669900259
260_aug_24,60.709230138110215,43.77451114453712,41.075044441405716,68.71721184693111,58.97478963745443,59.32219504119541,25.500341856967044,71.40073841104882,60.733625051278544,46.122047867440735,60.17049321095348,68.71552216698151,47.179930906604675,71.40073841104882,29,22,20,7,79,29,86.18624367564611,0.3856146588267469,8284,16,59.56816846662614,4.43392475600442,0.0910980445781485
261_aug_116,84.58442833761983,66.78237082066869,46.3991115267711,48.08239353830076,44.87564359501195,37.5575577814927,15.705962122983399,120.60144961421557,84.58442833761983,3.241182638687021,31.95334171148358,48.08239353830076,69.09541692775309,120.60144961421557,47,35,24,14,125,47,99.99532382511106,0.0,10247,16,44.76674919072618,1.6385837881772156,0.11246200607902736
261_aug_156,78.11296221048354,61.79154815115807,43.86204794798862,48.086567060558124,44.324865643228,36.50792784202571,15.36817689286198,115.70574292293105,78.1130637952052,6.891778253721305,31.818335987469812,48.08643901306733,63.96697086550182,115.70574292293105,45,34,24,14,119,45,99.96275226872545,0.006772314777190844,12376,16,44.32760694080715,1.7202298377111929,0.10056887444128403
262_aug_127,70.56742323097463,50.512016021361816,35.24382510013351,34.99230181332991,32.43264682595007,26.390633320720077,12.509623943035159,134.88929684023142,70.56742323097463,2.969848622011888,26.966500114642844,34.99230181332991,53.67343220961282,134.88929684023142,54,35,23,12,146,54,100.0,0.0,7850,16,32.38408177048556,1.9026112382456468,0.0718179795282599
262_aug_14,69.01914257228314,49.43838484546361,34.58105682951147,34.938997293382535,31.97347233853814,25.817631761074953,12.577567298105683,133.3492522432702,69.01914257228314,4.860303243764068,27.823954420971866,34.938997293382535,52.528554855433704,133.3492522432702,53,35,23,12,144,53,100.0,0.0,8559,16,32.02132342390312,1.9958382877426835,0.06899302093718844
262_aug_191,67.47012966662749,48.477807811337016,34.1471774983351,35.469683446012596,32.04375043879515,25.692677666439703,12.565714733419517,130.85721001292748,67.47012966662749,5.4937633615929915,29.091875710612,35.469683446012596,51.48090392917303,130.85721001292748,52,34,23,11,142,52,100.0,0.0,9524,16,32.181626379865165,1.9297971030224188,0.06878990872409606
262_aug_31,71.37301356589147,51.098837209302324,35.63880813953488,35.18568213291777,32.63874110820608,26.473515281694908,12.531007751937985,134.9810562015504,71.37301356589147,3.3763323169781843,26.28688032420379,35.18568213291777,54.29291300387597,134.9810562015504,55,35,23,11,148,55,100.0,0.0,8537,16,32.58289234172773,2.005818706337329,0.0749031007751938
265_aug_22,60.70071911559515,53.67875925727165,60.69470859718793,77.54153750166132,78.30302589681881,77.74225739078359,74.23290758827949,138.7222281850381,73.49928088440485,55.91639770504496,98.58297137974968,73.18462455858324,55.67817946549319,138.7222281850381,26,18,26,150,78,26,36.921755930020396,53.669636148974995,16173,16,76.88588178857825,4.773573051547448,0.1568530642910808
265_aug_87,59.084195767807586,54.38783533765032,62.298103607770585,78.41777477428047,78.46967525179224,77.741252797672,76.04402752081405,138.22282608695653,73.42991154024052,55.35741500250929,98.15261767707814,73.7517248952656,55.95740293420444,138.22282608695653,24,18,28,138,91,28,34.6684204440333,54.992483811285844,19823,16,77.31051939123554,4.797501226827301,0.15742079093432007
269_aug_100,38.49431781701445,36.7624077046549,36.06170144462279,50.95977153031781,51.04907423331006,50.993662593634646,40.966902086677365,55.998362760834674,38.97784911717496,53.05334632436782,64.61961718463142,50.92629953627987,37.080020802568214,55.998362760834674,12,11,10,15,43,12,43.990369181380416,6.513643659711075,6719,16,50.99678229998906,4.901917776129143,0.10240770465489567
269_aug_84,41.288126107639215,39.27503653266175,38.56614743649535,52.65654190609348,52.72765920317927,52.71394388610604,37.94624257687405,53.835711842800734,41.70960420358797,52.13683957170594,63.83258140300521,52.59481992220684,39.65183758355875,53.835711842800734,13,11,11,0,39,13,45.437303734104404,4.7850013991232165,7097,16,52.679544849401275,3.859333163959808,0.11186767403538227
277_aug_64,16.961894655604862,39.95179754325037,32.78268698951701,26.132991377121794,45.46764630364766,24.395740300096858,89.62370570454692,191.76255707762556,44.130522863206636,15.339786260432442,41.753749652624734,43.33496655415044,34.546534407357385,191.76255707762556,4,17,21,97,206,21,0.0,63.769374236285294,9309,16,37.17748820156848,3.225313105173263,0.022413016914271014
27_aug_104,135.68974620778357,123.95008207772281,111.21978214146702,91.9249798106108,97.11767513758991,102.83853385411913,21.873735692809316,86.97647669387548,135.77954092886034,27.548749171882562,74.35102010713129,92.04045927270352,125.52680701637604,86.97647669387548,45,32,21,14,136,45,75.10760361254802,1.1592420644098584,36127,16,95.93485599616076,2.743216062575193,0.41650918649976587
282_aug_0,153.81621906266457,165.33874971789663,157.8613556006921,56.962721806075045,52.533771586971085,53.06226637942151,69.79628375836907,23.14691943127962,165.35883547731888,14.011661692607202,14.749866767177616,52.551784832939404,162.34919184533211,23.14691943127962,153,165,153,60,19,165,0.007522756337922214,1.6399608816670428,6154,16,53.86961596789407,1.448678017734675,0.7011208906943505
282_aug_171,157.59562211981566,168.83617511520737,161.2894777265745,56.73430269410162,52.22397525576399,53.07537893734902,69.25222734254993,22.182411674347158,168.85675883256528,14.082327840401149,14.356359275035597,52.247955336133785,165.9015619969278,22.182411674347158,156,167,155,58,18,167,0.0,1.6589861751152075,5905,16,53.62888356216698,1.415819036212886,0.7149001536098311
282_aug_59,158.2433911799465,169.4462275300118,161.87510107607142,56.50233129884142,51.99662715776999,52.92337924391521,69.20227654413137,21.97455993033526,169.46700255022702,14.14365337133436,14.234191789462523,52.020897462191165,166.51786919201342,21.97455993033526,156,168,156,60,18,168,0.0,1.816259252348075,6698,16,53.40762189220953,1.4194334728620606,0.7172358026995086
283_aug_169,191.7333772893773,160.25747985347985,113.44860073260074,65.1515914211712,64.53626998584119,43.29923113316643,40.94952380952381,145.3098608058608,212.6964542124542,43.86492171331095,40.49483647519963,30.64809322285093,163.56965457582416,145.3098608058608,224,196,109,23,131,224,80.17582417582418,16.05128205128205,29962,16,52.79777822049824,1.6086703449285906,0.7264908424908425
283_aug_97,190.77977702877885,159.50024630541873,113.51848586984703,65.60261145459467,64.51958287991012,43.726642290889956,41.367021000777804,145.66291158931813,212.30526315789473,44.17515853798243,40.66730546914307,30.678559986091674,162.8303914337568,145.66291158931813,223,196,108,23,132,223,79.99351827845476,16.438942183043817,33426,16,52.8424659529392,0.0,0.7239175525019446
284_aug_85,185.48205254718144,163.1126680646355,131.3485629702726,52.24115988439636,60.912317386536046,77.74083834326147,27.16368570371284,84.71740471197731,185.64948809670656,30.490642228145603,62.35357385480772,52.35080357011063,165.57503081781175,84.71740471197731,167,132,84,17,127,167,83.52534846429012,2.644628099173554,18370,16,59.448022076177395,1.5954159987073038,0.7007771062045146
287_aug_154,101.77337858220211,93.86744306802166,113.17223623371164,81.81875230693551,84.99128145322382,81.93743591415387,117.176507677472,78.68493311574315,115.2891167816433,42.015845153610464,66.44592995378962,81.51149767601107,96.94205102489923,78.68493311574315,34,23,39,141,105,39,17.707019756200086,66.88240239349209,53871,16,83.1678387796717,3.20942537759365,0.255359394703657
287_aug_178,99.92966749796783,95.47840368058128,112.03834860457529,81.9521958170776,83.70198858162446,78.60639665049638,121.43187662089902,79.40434967734087,113.98729823436057,39.410910018551654,70.16037523370142,77.75238596664008,97.62037039167001,79.40434967734087,33,27,44,131,99,44,23.099850144602165,63.77646661984837,60952,16,82.17968797567957,2.9113761618508507,0.2523542780674736
287_aug_27,98.21910336040771,93.47976588628762,109.91837872272654,80.92515640645307,82.74069684477593,78.10188712770015,121.43054626532887,78.89941073419334,111.81078197165154,39.78325846735129,70.0866750806472,77.27808426522188,95.67421688007646,78.89941073419334,33,27,43,131,95,43,22.29495142538621,64.62095875139353,47365,16,81.26216059939894,2.830752240749364,0.24472845994585124
287_aug_90,101.17014033509378,93.8579322370869,112.81111129622533,81.36243717752016,84.04078536056443,80.73274689284284,119.20264454181452,79.91302778379399,115.09892874398147,40.73981508409595,66.78811412582172,80.15739268459545,96.78092720679295,79.91302778379399,36,26,42,139,97,42,19.342585342285457,66.55504278915305,64085,16,82.31610278813092,1.7774452714660474,0.25137586147532337
289_aug_153,103.2208360513155,135.09139894542292,132.93123505109807,70.90997929256329,61.010694188344765,61.36615360914767,85.86003071319853,78.73513943248533,135.9006441617743,17.931346057324394,40.863911081882215,61.073150353359146,128.1597534409654,78.73513943248533,52,88,86,88,104,88,2.9456131767775604,19.882039573820396,40634,16,63.7306990646584,1.4526976200165487,0.3645969232441835
28_aug_185,102.12429610190804,100.95365206932371,98.87109780766497,97.67274835260591,95.14106304507106,93.64539000392897,60.364974577661144,53.254975124378106,104.60997211743481,47.15239269477154,54.94780233406234,95.72937694371952,101.05217057295938,53.254975124378106,16,18,18,90,28,18,30.4288994587502,33.4782133289596,22516,16,95.62823838001766,5.293123472273567,0.4119785686949866
290_aug_10,138.23757184702112,102.87227810323864,120.88286172211782,92.2753056473658,78.11650279545036,78.2705467513064,156.90435365314468,89.62958024759588,141.4086092074721,24.631221517661658,45.2204645682497,89.17842282648617,111.69130369044987,89.62958024759588,208,144,168,169,78,208,77.52708080026528,18.922709185365314,42565,16,81.49572503603899,2.659069088511795,0.519916823256328
290_aug_139,147.74606415165064,111.01982650137889,130.29703606522264,89.57553207984063,76.84579677374418,74.9904148706256,156.29804680178853,87.78994082840237,152.0899756352245,25.856721133559777,46.93251674796198,84.93091347783856,120.21963915633617,87.78994082840237,207,144,168,169,78,207,76.84543093523254,19.884735869768935,42229,16,79.47560145715768,2.662154087584886,0.5675653966638999
290_aug_151,142.25824505649717,106.52126883239171,126.31598399246704,90.54616591753212,76.99157132244046,75.01184503871781,155.424670433145,89.66598399246705,147.07916666666668,24.533886614344443,47.0414412020807,85.76733719232368,115.54812841219398,89.66598399246705,206,144,167,169,77,206,73.4492702448211,22.738935969868173,45899,16,79.8722057313609,2.9905498863823445,0.538653483992467
290_aug_199,143.60627697933066,107.3633335026154,127.20006602000915,90.23035207816444,76.87112099576697,74.87403134464584,155.67399827332284,89.47697425219644,148.27694378142297,24.576693513467365,46.90274445504848,85.53346986793623,116.50079537352092,89.47697425219644,206,144,167,169,77,206,74.10238179879133,22.2126859986796,50205,16,79.6797704690045,3.0469564075761664,0.5433751460057894
290_aug_67,144.77807137115096,107.46362587815875,124.81563035196253,91.05928398514644,77.7504122496412,78.70180925926935,158.38347488728112,86.96560763342771,146.70214952291076,25.080817862657174,44.44809410678285,89.06297701629875,116.64949171297752,86.96560763342771,208,144,168,169,78,208,81.71122994652407,14.840445982314495,39747,16,80.9237590822558,3.572403624978101,0.5496487364999476
292_aug_122,66.18322681331748,49.645548454221164,21.805439952437574,81.47274952128319,69.3459126354145,30.872174517964826,29.76218787158145,190.98372473246135,66.34010850178359,44.7605790652574,66.75933839145264,81.34839418289506,51.15140303953627,190.98372473246135,16,6,2,9,223,16,81.21655766944113,5.1538347205707495,10074,16,68.47914957356477,6.728907050774126,0.22967449464922712
292_aug_98,66.80845,50.05215,21.94665,81.14024499961604,69.1053126060341,30.817816336942325,29.07,189.76325,66.95545,43.89165182583001,66.68445545580768,81.02206715023557,51.58532228,189.76325,17,7,3,9,210,17,81.785,4.655,8355,16,68.22900885810961,6.387505024589281,0.23
295_aug_111,39.69626865671642,39.60081623134328,40.05893190298507,59.14242276723941,59.21749458095554,58.935944642251805,38.09610541044776,67.27241138059702,40.5419776119403,53.32092994924327,97.87636492858393,58.793517631554366,39.65418536847015,67.27241138059702,6,6,7,120,36,7,6.196361940298507,21.42723880597015,3557,16,59.15937539164426,5.478168671305268,0.134375
295_aug_26,34.42420179525054,34.47678672878082,35.004135893648446,58.76890865963252,58.73066356517936,58.45998075616896,39.21588455857289,81.63822292921259,35.40768094534712,52.15797350918771,108.60912765051513,58.30394837945112,34.503681781615725,81.63822292921259,5,5,6,120,43,6,3.3746165208499033,24.05181229405749,2031,16,58.710459701389134,5.60266830420377,0.11996364049539825
295_aug_35,37.085462215465,37.04092164714448,37.52667080665539,58.62538546850127,58.62709905666086,58.37510711161362,38.2990428060558,73.94072678215808,37.96085569284139,52.82099643460619,103.41516903682044,58.21748667001165,37.08546206128611,73.94072678215808,6,6,6,0,0,6,5.263496006338466,22.443735411893186,2940,16,58.596085077126084,5.075526308735911,0.12769010043041606
295_aug_83,40.72190225440184,40.62396467555263,41.077066535022766,59.84467629004779,59.917905271791874,59.64808748394726,38.113021776095664,66.34191761285722,41.56159837639186,53.294639104928315,96.904945646956,59.50021379420844,40.677500159069716,66.34191761285722,6,6,7,120,36,7,6.1324118260106415,21.414074927321593,3302,16,59.86294289731185,5.296004973049437,0.1384180790960452
298_aug_110,112.86555980017631,72.51948910625079,106.72424541371059,85.67345756650303,51.49131412359291,46.66901152667661,97.41739431593972,181.2158179757357,156.94663322278663,55.04875323265921,31.925898943862414,60.58391873187912,83.56664714117794,181.2158179757357,40,25,95,126,188,95,39.75273917971538,60.19793459552496,37103,16,51.460561456068056,2.1495665332123823,0.3083308845136644
298_aug_62,111.81774859287054,72.35045653533459,107.10905565978737,85.46316524133331,51.6140475129348,46.68651246157488,98.1871669793621,181.0160100062539,156.28791744840527,54.5567432983036,32.21696683325226,60.655298685608315,83.25077368355221,181.0160100062539,40,25,95,126,188,95,39.10068792995622,60.838023764853034,33175,16,51.57149281258914,1.6029055074499945,0.3087429643527205
29_aug_197,55.41628454114967,58.31872265180124,56.109332853803274,71.46293929159492,71.11664243357232,71.34927648366966,60.033259905292816,31.710573637834923,58.65706108014146,30.850548843710033,24.963752424913014,71.12938686479876,57.54214636606126,31.710573637834923,19,22,20,70,35,22,7.345051849187796,0.31843793082778876,8730,16,71.23256627632982,3.0274231661494757,0.13987292453395672
2_aug_180,145.49218067022827,129.38950947061682,135.51121903836815,49.96824355349756,44.81839461725815,24.069029056210454,98.6960660514813,89.44536182612919,167.282564351627,50.09140551362809,33.81056994093215,37.35737783241702,133.2549247984458,89.44536182612919,110,97,142,129,81,142,32.21952404079651,67.65420106847985,7840,16,39.363050145957494,1.2835787437862074,0.3886352598348713
300_aug_11,63.34456264775414,53.50976584487223,110.06858606326692,68.818968255457,71.4997639494606,53.678050487372474,125.28470111448834,163.73156591241698,110.06900821794439,4.82189823250287,81.7998334767863,53.679042707774315,59.684190464933025,163.73156591241698,29,18,85,125,201,85,0.016886187098953058,99.76922210964764,20267,16,68.35155829320466,2.902184231571249,0.17572892040977148
300_aug_3,64.2788986784141,54.041321585903084,109.71136563876652,70.17303763641581,72.68505449645158,55.08913996594767,125.5004845814978,164.0066079295154,109.71162995594713,5.353886128923322,83.52007356086766,55.089764285766876,60.23720765638766,164.0066079295154,29,17,83,125,203,83,0.026431718061674006,99.77533039647577,14512,16,69.59922323379908,2.70886630853031,0.18193832599118942
300_aug_51,62.72612446087492,53.42858903265557,109.97159581022797,68.6922650079161,71.3815629223859,53.45710178929393,125.04457794208257,163.78986444855207,109.97190388170056,4.718099076383411,81.63728815042785,53.4578522850344,59.487650154035734,163.78986444855207,29,18,85,125,201,85,0.018484288354898334,99.76278496611214,18785,16,68.23578693621096,2.8216786139850827,0.17553912507701785
300_aug_8,61.942096555873064,53.50491803278688,109.8897879380358,69.35964750440962,72.0147881835904,53.786884760754,124.77831252819973,164.03492254474358,109.89026921341555,4.257694681936951,81.99287051511659,53.78799638146793,59.36964979395398,164.03492254474358,27,17,85,124,204,85,0.039103624605203786,99.75033839675139,18573,16,68.87859264679687,2.990978620388098,0.17542487592119116
300_aug_91,63.4898013955985,53.40207806149835,109.96211946936585,68.70677183802606,71.3913931636206,53.625365992673366,125.39368146614524,163.82079595123074,109.96254121616441,4.823523431641103,81.76605980580078,53.626356873042155,59.630363031976074,163.82079595123074,29,18,85,125,201,85,0.01917030902538149,99.79679472433097,16324,16,68.24555671839678,2.800027099904547,0.17652020550571276
32_aug_18,46.64136638009877,46.90053960124383,47.096236509968904,90.69721691130569,90.68786492981235,90.67169927832445,9.061445948417779,6.330117066032559,47.099355222242544,29.706522825771565,27.422762049053244,90.67337190539212,46.85956869123834,6.330117066032559,2,2,2,0,0,2,0.11752332174867386,7.932595573440644,2894,16,90.6875571083046,6.556212680045581,0.17648618986647155
32_aug_195,46.49564578100248,46.76055734003168,46.95939854888541,90.55388216897359,90.54498576374556,90.52937198460852,9.191804440865768,6.416797220301601,46.96243993803443,29.892417121940063,27.646777800171073,90.53115522473516,46.71859347786131,6.416797220301601,2,2,2,0,0,2,0.12078034606194807,8.031455403170046,2952,16,90.54454845479957,6.659473614016775,0.1757791645150844
32_aug_43,47.19748230695461,47.48656178302196,47.70176748364228,90.91744294256819,90.9056950149473,90.88774823948927,9.786961166344975,6.7444371608580065,47.704863007878416,30.72729736792051,28.03651427291902,90.88962200718392,47.440641337994826,6.7444371608580065,2,2,3,120,85,3,0.11957221068987701,8.563676754433883,2706,16,90.90581624025866,6.468213607890315,0.1778530415043034
33_aug_1,100.97618064516129,94.63909103942652,37.87069534050179,108.18692907134952,101.37171427190023,33.84998251325448,40.717568458781365,112.76275555555556,101.65117992831541,40.57017422598143,76.05664762321952,107.64499170871721,91.88767812014335,112.76275555555556,14,13,11,20,55,14,56.01204301075269,11.980501792114694,42509,16,95.58687865647366,0.0,0.37027383512544804
33_aug_9,100.99962441222952,94.56715704446569,37.93458431701559,108.1312977963482,101.21355915544318,33.91012547184632,40.70804635826195,112.7154117807738,101.67371666048817,40.55821036759932,75.99347770089743,107.58985738136255,91.8458278559304,112.7154117807738,14,13,11,20,55,14,56.00550211694926,12.021247536729557,31411,16,95.48299263255849,0.0,0.3710807172263087
38_aug_17,102.07737107737108,86.36276369609703,66.40529573862908,106.85526063843392,87.62585039963898,62.1667810348692,92.72111038777706,153.21004454337788,108.92306292306293,51.56259175695333,59.84103663273127,101.02708396023247,88.26276003882671,153.21004454337788,14,21,21,90,85,21,46.629146629146625,21.10688777355444,79689,16,87.62161966534414,3.9224922346734097,0.3920657253990587
38_aug_23,91.1314271493151,76.5758098497917,58.95438522326695,106.34977510504972,85.04681638729532,59.845883779175814,96.50043296536958,166.44080647470733,98.90799997272659,48.87264605016951,56.94780535241919,100.29337778723293,78.39806722963527,166.44080647470733,10,17,18,94,113,18,41.96150358304413,24.334699276572824,55083,16,85.7251785439435,3.92549611444285,0.3574998465870738
40_aug_137,96.64184547336721,104.54277244494635,109.32909843779409,79.89997434882221,74.37176529426047,79.18149928476197,71.14245718050066,133.7266139657444,127.71884999058912,44.01990496652923,76.50274805866545,63.42284806834424,103.20860810747223,133.7266139657444,40,70,99,105,152,99,30.215979672501415,58.21099190664408,20632,16,74.79671307707613,2.263340667126304,0.24301242236024845
42_aug_161,151.25920596439093,106.11346940903522,121.35208675477699,66.37510635318228,83.88678823436852,76.6148549189413,105.10001824769948,110.15657568885065,154.95583013998592,74.16921096741058,80.19921676612854,63.483097077664006,116.81168117306638,110.15657568885065,220,207,208,178,15,220,74.18419749224473,20.70071166027997,97966,16,75.97934794629846,1.6615236398366122,0.4299940043273116
42_aug_177,152.150930115636,106.77998994469583,121.52021674766773,65.63612232599039,83.64857882221068,76.47146371361455,104.21788726886766,109.90278755376795,155.7603597564382,74.53014200726017,80.02060158415156,62.81250701892453,117.49009620021229,109.90278755376795,220,207,207,0,15,220,74.67515781241272,20.221216691804926,56708,16,75.62808905935876,1.567233054411435,0.434176861627842
42_aug_89,153.93828413764382,109.1410276432922,123.5982091727836,65.33456361339799,84.0913676991329,76.65815022798677,103.23790410744964,108.1758394502577,157.5077619865688,74.65556347302437,79.87639194964954,62.518013393598835,119.70873288042064,108.1758394502577,92,32,62,165,166,92,74.82482169816232,19.91982924670727,99896,16,75.90360306880373,1.7114944383447255,0.4427143526471966
42_aug_93,150.56882931882933,105.4758806008806,121.14072347405681,66.65583156305635,84.00719967338912,76.716277384992,105.9484697401364,110.5449257532591,154.3697660364327,73.86361838220135,80.43347989523087,63.67532430891306,116.19364315375981,110.5449257532591,220,207,208,178,15,220,73.7233445566779,21.19701286367953,56897,16,76.1351995649685,1.5591875399644066,0.4230877147543814
46_aug_50,152.1319667148756,120.470381449442,95.68391708063469,57.253703942825574,58.639339734648644,49.46929366033827,24.746858184888744,95.46214999865255,152.602467938065,33.70939888135987,51.73642576010096,56.9617557902915,125.4120517494453,95.46214999865255,152,106,82,10,117,152,89.0080637675431,3.9145054991121775,149017,16,55.08349232159804,1.3382623143519234,0.5067058326820636
46_aug_66,152.0002644802962,119.47443858046212,96.17279880262556,57.781252689720574,59.20357290137732,50.15893154402142,25.448859128176768,94.99657978889664,152.53810018994494,35.89203005184739,53.17659107191428,57.528813789191275,124.707050774807,94.99657978889664,148,103,82,10,114,148,88.62584453367315,4.487148661970138,138704,16,55.55918815006115,1.2187882668454522,0.4862740737178717
49_aug_102,199.9538036157391,214.07709677419354,230.30163062743708,90.4534367802208,68.28930139964352,43.86436113087558,39.415292449485996,45.5195320808224,230.4498830202056,50.328386875079005,79.03188995023147,43.939993904498124,212.24589599291028,45.5195320808224,251,253,253,90,2,253,2.1120170152428215,29.49840482098547,16987,16,71.8058676182154,1.1407085258675367,0.7611591634172279
51_aug_108,158.82279900873874,160.8883787661406,164.38207904004173,112.50148404436155,110.6006719287338,106.1006810735988,65.90495630624756,45.55342376418417,164.65884961523412,49.96349840407393,65.1574716282681,106.33079390024463,160.7014816694926,45.55342376418417,251,252,251,60,1,252,0.703012912482066,48.104865005869314,8023,16,110.65423341214286,3.399289943132298,0.6092343811138646
54_aug_192,136.18878928298182,143.58149639830813,146.21488891776016,73.30386128825882,69.55179715460633,68.26261479993643,87.10097729274031,30.90408961644508,147.87780231836356,32.655518683127866,27.871659893039322,68.02274915977621,142.19993780549422,30.90408961644508,67,77,81,99,44,81,6.188558312762548,61.09306656273007,34066,16,70.40620088658417,1.691186969432098,0.48643771743680797
54_aug_56,136.62204613653412,144.0514191047762,146.68415541385346,73.3991934142526,69.6265518833776,68.36717610962252,86.7147255563891,30.914509877469367,148.37753188297074,32.93198723745608,27.989422358404315,68.09649156417538,142.66201797324328,30.914509877469367,67,77,80,97,41,80,6.289072268067017,60.50731432858214,32612,16,70.48602730824359,1.7728788088069032,0.4890128782195549
55_aug_168,192.9050262102991,184.39707061362935,173.74400246685167,85.50196660288327,78.66618974264102,68.34975052484081,33.447394387912425,48.320382362010484,195.65439407955597,36.68065879195402,57.528755154841285,79.75659016051252,185.436710453284,48.320382362010484,238,226,209,18,31,238,81.24884366327476,15.790934320074005,9285,16,79.50926873354115,0.0,0.7966697502312673
55_aug_72,192.9092508798391,184.40125691302163,173.760231271996,85.63529518069988,78.79663974958954,68.48137278449771,33.447863247863246,48.66613876319759,195.66603821015585,36.68414394534531,58.148635198839635,79.88168984183629,185.441774379085,48.66613876319759,238,226,209,18,31,238,81.32478632478633,15.897435897435896,10527,16,79.64142481116112,0.0,0.7973856209150327
56_aug_142,105.58928282337705,104.76044466029896,104.14406130268199,118.29002959231606,117.92931770430263,117.96623877442897,5.6188009281744105,9.064076412497977,105.5992445092008,28.591541978682315,43.2196127482207,118.29032520744347,104.89215277534942,9.064076412497977,3,3,3,0,0,3,6.432464518914252,0.17484215638659545,2508,16,117.96970348748917,5.984942843914724,0.41534725594949007
56_aug_86,101.84309326468501,100.07093793982845,98.58180057500992,117.38953227543925,116.3906455455193,116.37592059483758,5.166891217264733,8.269550938902189,101.86159463003284,26.07199151455128,39.90777955917301,117.39141673474694,100.34018244415306,8.269550938902189,3,3,3,0,0,3,6.212031902224254,0.3458480193434301,4850,16,116.5066115168895,10.8832802970174,0.40200170818847814
57_aug_109,203.25363730095086,193.64958185359149,98.38310612135793,72.11375313640107,46.26852412823167,49.93602021308526,39.85644021842899,171.8823080154275,229.69251918891052,30.93365572773224,20.495545736006672,30.560843149636856,188.81316449383283,171.8823080154275,243,220,77,26,174,243,73.97945545499675,17.96463894298698,25962,16,41.149773612292584,0.0,0.8764119601328904
57_aug_113,203.76612995945953,194.2245122396237,98.74876903927577,71.56662747498201,45.257975215371,49.81787420529181,39.86554659654981,171.8048908506501,230.34192964653306,30.907643903341956,20.24412234991222,28.38025842836158,189.35971150779565,171.8048908506501,243,221,77,26,174,243,74.02860327822962,18.009267822061815,34483,16,40.135598773069766,0.0,0.8796332861777483
57_aug_81,202.84162260796333,194.17224418659055,100.35285757731718,71.86536515564615,44.353531608345264,50.584128529758374,40.468090581574884,171.68504655406355,230.84111378842465,31.34799498808072,20.111918865226546,25.366236443495183,189.24159432578483,171.68504655406355,243,221,77,26,174,243,72.95243999438544,18.768422776400133,29984,16,39.17002459335399,1.2369163620178378,0.882158564544051
61_aug_13,78.78546239042026,79.35717906874336,80.23382068332612,71.54385435713819,71.15108874140724,70.2052700282086,82.56192157254559,22.43250554143215,80.95979085025367,50.40225220420371,30.288106310148603,70.73538197231397,79.29892562750473,22.43250554143215,23,25,26,100,29,26,12.87684513963669,46.26013462257204,14433,16,71.1495953971683,1.7671815937884916,0.21243945129645458
61_aug_134,76.47199140586575,77.20959203748285,78.12903497191375,69.70727733226825,69.5062597380732,68.42721819549475,82.96153995495845,23.5827638425099,78.82798788537703,49.139998714769646,31.352232897461903,68.89288371531521,77.11916192306695,23.5827638425099,24,26,27,100,28,27,12.840723771064688,48.015195050607026,11851,16,69.43254378944536,1.6621268274149064,0.18382904920918433
61_aug_70,76.3371194614689,77.05986637194816,77.98747613784788,69.69248466655017,69.47356516165024,68.39652312402791,83.2704762383201,23.718029739776952,78.69323821963228,49.22893708179306,31.41874772626372,68.86937327432013,76.97318380387821,23.718029739776952,25,26,27,105,19,27,13.00763588867678,48.07444991459862,12669,16,69.40633543366846,1.5906713953115874,0.18428614488094042
62_aug_131,101.49440112126679,78.14041182697899,84.3956043956044,85.16800789822518,76.69156531849157,68.84129634346824,106.21076684509521,111.51142141440648,108.57310599847914,54.768737001046475,51.71946478144238,81.11531801881002,83.55709485439935,111.51142141440648,40,29,48,137,101,48,32.91111873201425,62.228070437025664,54666,16,76.25348706637935,2.354731642843924,0.2759479326643506
62_aug_175,101.41051897321428,78.24147135416666,84.59338727678572,85.1447100144529,76.62849000631661,68.7211887883924,106.05745907738095,111.11392299107143,108.72647879464286,54.57332614137444,51.13948482420421,81.00297389770088,83.62581920758929,111.11392299107143,40,29,48,137,101,48,32.60137648809524,62.63671875,45168,16,76.18812670554652,2.0840571024250094,0.2749813988095238
62_aug_39,101.10168917556945,78.00963515420278,84.24427333198952,84.94225371631207,76.5619965949378,68.59753410367169,106.233638379359,111.35519451723442,108.27606530941343,54.63742349013781,51.603745640485364,80.85405202389833,83.36914671558155,111.35519451723442,40,29,48,137,101,48,32.70389034468857,62.46563192904656,50994,16,76.10487401749197,2.481824775660505,0.273880266075388
62_aug_7,101.4169157135474,78.25327506010831,84.60291441026448,85.14096382605494,76.64016014851025,68.72748383090885,106.08518526840888,111.10865559625194,108.73402916657304,54.51602178120198,51.11853921281144,81.00457083992937,83.63630902411074,111.10865559625194,40,29,48,137,101,48,32.559602723411906,62.65645012695773,38793,16,76.19282126659938,2.0676117331887647,0.2753072826551019
65_aug_136,132.29984988452657,29.763175519630487,24.513718244803695,56.26580463603174,11.61581503680072,9.412544883622635,6.015727482678984,206.2279907621247,132.29984988452657,27.940899475504136,11.834234477259029,56.26580463603174,51.1834616743649,206.2279907621247,73,18,15,2,203,73,100.0,0.0,15878,16,24.50403381534074,1.4259093675647017,0.0
65_aug_152,134.0141754188547,30.116951112778196,24.759971242810703,55.45040578397969,11.419179464678448,9.24777336320514,5.724227931982996,206.45836459114778,134.0141754188547,27.008899196604933,11.495164271401611,55.45040578397969,51.8187270536384,206.45836459114778,75,18,15,2,204,75,100.0,0.0,13671,16,24.12611165448567,1.53990764900596,0.0
66_aug_42,107.39912122577738,83.3693255220069,121.80065344749887,79.97373226638967,69.98177317614481,75.09854725081196,70.89115968153823,148.8246432326874,161.36280606879976,62.60357137439211,76.09767413202357,62.42647608784869,91.25280196484904,148.8246432326874,106,52,49,2,137,106,56.97010665464924,40.53177106804867,95826,16,64.72210356991296,1.5687581941266746,0.29339041610334987
67_aug_158,209.13567438148445,181.30872814336502,164.5826017557861,56.820175368226025,87.11471083207287,90.17440022406409,65.82574185590946,70.4722484219691,209.3410578248567,72.053138098998,80.41587559428984,56.890462813654146,186.01711058840598,70.4722484219691,251,250,249,15,2,251,58.24421388667199,1.9386200391786983,29019,16,76.27874403505493,1.2468127286398683,0.715751287818327
67_aug_54,207.9571315996848,179.12283950617285,161.98332019963226,56.76376885065174,87.3097305434541,89.81551465164952,67.6787365379564,72.67312844759654,208.17105332282637,72.01173369333975,80.09786114747877,56.84108098038716,184.01553671132123,72.67312844759654,251,250,248,20,3,251,60.40189125295509,2.1250328342526923,32733,16,76.30444107086402,1.2834787221972361,0.7070790648804833
68_aug_120,30.270510646316186,33.27012436404748,36.13104390427737,58.32254413924017,57.94032688711125,57.572875170860556,90.28018654607122,84.37953646127755,36.13938194837008,37.79823391404144,48.70307090750283,57.58207437289047,32.838964878462406,84.37953646127755,10,13,17,107,105,17,0.02638025249670247,81.80987375164877,5010,16,58.00920583263642,3.7892230304314802,0.09308460523836443
69_aug_29,71.89302632645733,61.69124323886077,60.86029198855674,82.50061050463371,80.85791129067465,81.19193063516622,11.085807109185884,32.58921808221082,72.0115301312269,34.12363305493773,74.78535196801728,82.44550644686618,63.80014764301186,32.58921808221082,13,11,11,0,39,13,17.246551384658147,2.513927657258018,22125,16,80.10599494162001,5.276464106373051,0.2156933714775478
6_aug_150,86.14554211663066,36.13286393088553,31.10631101511879,73.15885043059164,47.53965644227127,46.72160944018241,20.509641468682506,136.92874298056157,86.20273866090713,43.508054986742096,86.62917242033387,73.10794961290017,46.402642192656586,136.92874298056157,16,11,10,5,96,16,88.39006479481641,2.4838012958963285,41497,16,49.783079773558825,2.6418642132531573,0.08135637149028077
70_aug_121,63.030935541371974,34.3575843827267,31.85334368351446,54.23482207298526,29.50191089353367,29.702870326115924,32.815220516359034,91.75083376459088,63.51058018515324,53.59389599093634,91.38677937704101,53.916312878299465,40.27273266057156,91.75083376459088,25,17,16,3,92,25,48.79679144385027,9.001782531194296,18498,16,32.33621612264957,1.910857873139313,0.016718417572307517
78_aug_198,48.744780810587265,54.05407775020678,63.011430934656744,46.146375783883734,47.28991803463915,53.5026395770052,93.25791563275435,101.97816377171216,68.42990901571547,39.6174608799401,52.08180118328016,56.13785989763908,53.572042120760955,101.97816377171216,19,20,25,115,61,25,19.778329197684037,74.74855252274607,59701,16,46.556996750205364,2.766746086140487,0.09224979321753515
7_aug_189,91.93551106270607,74.92802154355708,88.25822429767109,70.71164790826981,65.52986454121303,68.15583217480412,97.83172452892119,114.14299461411073,106.49418144926672,57.939829362304124,76.05326386635541,67.93819550015496,79.50625445417518,114.14299461411073,33,20,31,155,100,33,36.8523132469005,60.104883106807705,79767,16,65.12966134565488,1.9631215739455554,0.25883599146612557
81_aug_40,67.4904490616622,86.52233339716584,101.81001053236308,55.966499328086414,51.88650389785477,48.72564477531802,103.28925698965914,101.863127154347,101.81281118345461,5.162776970853128,37.165580004370064,48.73393247462197,83.579925076599,101.863127154347,45,66,83,103,117,83,0.023937188816545385,98.87016468785905,10584,16,52.670606079083605,2.0627747446588285,0.13234871696667944
83_aug_68,43.53187401758165,40.349071432729815,44.032718169645456,78.52742581227803,76.0687676520587,74.77462503191344,101.14990976305525,129.63672352564475,47.41829190196193,46.81407859157539,88.52572666839588,77.09481198554693,41.29169455667462,129.63672352564475,6,6,10,120,102,10,4.308086394597427,78.96023752692554,3051,16,76.11907202796552,6.804862224542985,0.13884846015020086
85_aug_188,169.32018715255109,134.7205274299167,135.76848939271042,46.52325420415993,85.64106396611272,90.6009021281689,58.43718717233466,89.51513113208169,176.65299622133855,56.86043075055462,75.41736083580159,52.06087756786586,142.1520779406625,89.51513113208169,125,49,45,2,163,125,53.31902321931403,45.55891876207622,35280,16,73.90522285630362,1.7361054622669931,0.4996834629157022
85_aug_92,170.31191785471827,136.19211133740666,137.29982348947726,46.61317431305897,86.00280630713675,90.98979873122737,58.660369993211134,88.84613034623217,177.78411744738628,56.45505043867168,75.4581131045271,52.18298542994671,143.5259590203666,88.84613034623217,125,49,45,2,163,125,52.52953156822811,46.363204344874404,32934,16,74.21445484368793,1.3721888278825758,0.50683638832315
88_aug_124,187.77059536433873,106.03241175579457,94.76383123769126,54.93514846316912,74.33218708329912,67.77060037968441,45.64472049689441,140.60370398424482,187.7771398272989,68.81862976133871,72.37523076365092,54.92412285492661,122.59635807756403,140.60370398424482,201,75,68,2,169,201,99.48947129222844,0.027268595667323134,94550,16,63.315863718606785,1.4471493315579573,0.4146265717315558
88_aug_148,188.56103382529483,99.03443965821623,90.16170468187275,49.080214545339025,68.22488076343677,61.78500964653477,55.8335851987854,146.43386766471295,188.5634136007344,75.17280528957502,70.9216769954894,49.073194155453294,117.42718211284512,146.43386766471295,203,71,66,1,172,203,99.82487112492055,0.011298637101899583,96864,16,56.54617938625351,1.6510994443294642,0.3738930866464233
88_aug_164,189.25717378986562,97.89129027035779,87.46027602395985,49.737074650249816,67.40376446614974,61.549658082117894,50.42951675570665,149.90161081431114,189.25754816253846,72.62118980528662,69.89804993914936,49.736131316254344,116.5625578780152,149.90161081431114,203,72,64,2,175,203,99.93929091792133,0.0010118180346446496,73932,16,56.23648092968639,1.3997996668640194,0.3645276833414279
90_aug_118,31.600727062154164,25.428604748423627,20.219526122764123,47.75488985102653,39.25975058780173,29.50891176775391,32.45771940548192,70.09127686269463,31.910259297387725,48.63717007183126,59.142066769164664,47.59066084998967,26.364702475550125,70.09127686269463,9,7,7,0,57,9,48.79117874147471,8.468182988032428,27939,16,40.52870181871069,2.5367568843783337,0.05156189679577918
91_aug_138,86.63228444742529,108.12590356956554,127.34627207690588,80.20108966472392,61.962778880617535,77.66441834635857,75.00221700573813,155.3202548625084,158.81597920858485,46.45916042081147,86.83792128854208,69.80403553130536,104.9440707504285,155.3202548625084,173,171,127,29,68,173,35.725463894477976,53.56677099634845,71779,16,58.783527505863916,2.336917060369079,0.3552518816603324
91_aug_34,83.42450729652475,107.72176921919663,129.09339551677448,80.06975846419743,60.21688127702953,75.80284323549708,78.29547164134196,162.1713404543403,159.86405897397321,45.00344886520597,83.32012338438251,67.59950776619226,104.0992027531217,162.1713404543403,14,90,192,107,236,192,32.78772378516624,57.64555438543704,46989,16,57.18196057561889,1.561534469397964,0.3391906123063036
91_aug_78,84.42775094635165,107.57347278423183,128.38973371622504,79.95613151594462,61.385986841456734,77.06969893546145,77.249037331941,159.14629291215246,159.17194230518209,45.755901245044676,85.12527397269676,69.04937494665998,104.15562636078842,159.14629291215246,175,171,126,28,71,175,34.075186007048686,56.25571074272288,43918,16,58.123500424848764,1.0684267641156096,0.34346038376191096
92_aug_63,44.020717205499814,73.66829245633593,100.09629319955407,81.22470699707725,71.22924123277944,60.62338405719967,102.30801746562616,192.66610925306577,100.20359531772576,9.183182992762713,92.23753930110789,60.886407507594036,69.27331961166853,192.66610925306577,5,39,71,105,237,71,0.19973987365291715,94.3422519509476,7217,16,72.88777571970039,3.496270244100275,0.17535302861389818
94_aug_32,83.44797229639519,77.01253755006675,71.87915136849132,64.0467389991848,66.06733411731445,67.56157672657712,17.550483978638184,54.39949098798398,83.52874666221629,21.48609219106441,30.81307293492222,64.20673879591479,78.01008049482643,54.39949098798398,47,40,34,14,71,47,92.02478304405875,1.6313417890520696,8467,16,65.5838828064524,2.8423328988917826,0.21242907209612816
94_aug_96,83.11675926693756,76.72897144594631,71.69179312823064,63.65771466041483,65.85240359897867,67.47030512388969,17.582884152914836,54.354313514111176,83.19609143931227,21.804040817637052,31.481809976276917,63.8162293139036,77.72333086214996,54.354313514111176,49,41,35,13,73,49,91.9313375901816,1.6225778809740996,6923,16,65.33463511053749,2.8764056536531433,0.21082455703900269
95_aug_166,76.7486592409241,70.00428011551155,63.238397277227726,33.34005937076184,33.26726071618327,33.215855450211805,15.190336221122113,48.709880363036305,76.74912334983499,2.8726804838918554,15.992765657275363,33.34130717727293,70.94963837665016,48.709880363036305,65,58,51,15,55,65,99.76794554455446,0.0,5022,16,33.2539246301835,1.8100004194617731,0.08931518151815182
96_aug_174,29.89639161764098,29.68869263305824,29.43762141607308,50.367804808410575,50.29798243161015,50.2445069198613,13.684338876565493,16.439081853377605,30.042159793885453,35.34724556185061,45.41364303341963,50.349067542539636,29.714722095314205,16.439081853377605,10,10,9,30,26,10,11.599454402667364,3.1867844201650573,4854,16,50.3097691855307,2.769836638448693,0.07803695181934667
96_aug_25,30.468901372925565,30.273288142394453,30.053469574937658,51.4653463705365,51.389827651767305,51.30900126078404,11.454806672590214,14.306163833873141,30.570186878385737,32.77408759644044,43.36576061657365,51.4461383116159,30.29900461463499,14.306163833873141,9,9,9,0,0,9,10.454584539539683,2.1855025939407837,6155,16,51.40056285648357,2.6031313685994513,0.08158015420333056
99_aug_19,138.80806729939604,131.27864538395167,141.7404227782571,82.84495354794274,77.0237649277971,85.28158533590465,115.15379637618636,21.311863675582398,144.2223037100949,52.28393425010604,8.029724054972785,86.2730089525495,133.634740811044,21.311863675582398,206,193,211,142,22,211,31.93701466781708,46.04831751509922,7608,16,79.64428527762185,2.4679487293164946,0.6075927523727351
9_aug_65,238.5790163788697,180.74296064182056,147.3803512826781,13.893614897612348,64.12612668503733,90.4680490950965,26.89185945729715,102.7705254424369,238.8418264921365,35.83406904556967,86.54436429903595,14.165757015836705,190.6301256957871,102.7705254424369,226,122,64,11,183,226,69.2468386781341,1.9697609470260982,18917,16,51.9137072925042,1.3780334072113658,0.9994814469112756
